
BEGIN TRANSACTION;

CREATE TABLE IF NOT EXISTS "infraestrutura_pasto" ("id" integer NOT NULL PRIMARY KEY , "nome" varchar(100) NOT NULL UNIQUE, "area_hectares" decimal NOT NULL, "tipo_capim" varchar(100) NOT NULL, "data_ultimo_manejo" date NULL, "observacoes" text NULL, "capacidade_maxima_ua" integer NULL);
INSERT INTO infraestrutura_pasto VALUES(1,'Braquiária fundo',33.8800000000000025,'Braquiaria',NULL,'',10);
INSERT INTO infraestrutura_pasto VALUES(2,'Andropogon',19.3599999999999994,'Andropogon',NULL,'',10);
INSERT INTO infraestrutura_pasto VALUES(3,'Braquiária desmama',24.1999999999999992,'Braquiaria',NULL,'',10);
INSERT INTO infraestrutura_pasto VALUES(4,'Braquiária c/Andropogon',72.5999999999999943,'Braquiaria / Andropogon',NULL,'',10);
INSERT INTO infraestrutura_pasto VALUES(5,'Braquiária',67.7600000000000051,'Braquiaria',NULL,'',10);
INSERT INTO infraestrutura_pasto VALUES(6,'Braquiária estrada',67.7600000000000051,'Braquiaria',NULL,'',10);
CREATE TABLE IF NOT EXISTS "rebanho_animal" ("id" integer NOT NULL PRIMARY KEY , "identificacao" varchar(50) NOT NULL UNIQUE, "nome" varchar(100) NULL, "data_nascimento" date NOT NULL, "sexo" varchar(1) NOT NULL, "situacao" varchar(10) NOT NULL, "observacoes" text NOT NULL, "mae_id" bigint NULL REFERENCES "rebanho_animal" ("id") DEFERRABLE INITIALLY DEFERRED, "pai_id" bigint NULL REFERENCES "rebanho_animal" ("id") DEFERRABLE INITIALLY DEFERRED, "pasto_atual_id" bigint NULL REFERENCES "infraestrutura_pasto" ("id") DEFERRABLE INITIALLY DEFERRED, "lote_atual_id" bigint NULL REFERENCES "rebanho_lote" ("id") DEFERRABLE INITIALLY DEFERRED);
INSERT INTO rebanho_animal VALUES(1,'283','','2024-10-01','F','VIVO','',NULL,NULL,NULL,NULL);
INSERT INTO rebanho_animal VALUES(2,'274','','2024-10-01','F','VIVO','',NULL,NULL,NULL,NULL);
INSERT INTO rebanho_animal VALUES(3,'266','','2024-08-19','F','VIVO','',NULL,NULL,NULL,NULL);
INSERT INTO rebanho_animal VALUES(4,'287','','2024-10-01','F','VIVO','',NULL,NULL,NULL,NULL);
INSERT INTO rebanho_animal VALUES(5,'289','','2024-10-01','F','VIVO','',NULL,NULL,NULL,NULL);
INSERT INTO rebanho_animal VALUES(6,'281','','2024-10-01','F','VIVO','',NULL,NULL,NULL,NULL);
INSERT INTO rebanho_animal VALUES(7,'277','','2024-10-01','F','VIVO','',NULL,NULL,NULL,NULL);
INSERT INTO rebanho_animal VALUES(8,'304','','2024-10-01','F','VIVO','',NULL,NULL,NULL,NULL);
INSERT INTO rebanho_animal VALUES(9,'267','','2024-09-13','F','VIVO','',NULL,NULL,NULL,NULL);
INSERT INTO rebanho_animal VALUES(10,'305','','2024-10-01','F','VIVO','',NULL,NULL,NULL,NULL);
INSERT INTO rebanho_animal VALUES(11,'268','','2024-09-23','F','VIVO','',NULL,NULL,NULL,NULL);
INSERT INTO rebanho_animal VALUES(12,'273','','2024-10-01','F','VIVO','',NULL,NULL,NULL,NULL);
INSERT INTO rebanho_animal VALUES(13,'286','','2024-10-01','F','VIVO','',NULL,NULL,NULL,NULL);
INSERT INTO rebanho_animal VALUES(14,'296','','2024-10-01','F','VIVO','',NULL,NULL,NULL,NULL);
INSERT INTO rebanho_animal VALUES(15,'284','','2024-10-02','F','VIVO','',NULL,NULL,NULL,NULL);
INSERT INTO rebanho_animal VALUES(16,'280','','2024-10-01','F','VIVO','',NULL,NULL,NULL,NULL);
INSERT INTO rebanho_animal VALUES(17,'294','','2024-10-01','F','VIVO','',NULL,NULL,NULL,NULL);
INSERT INTO rebanho_animal VALUES(18,'288','','2024-10-01','F','VIVO','',NULL,NULL,NULL,NULL);
INSERT INTO rebanho_animal VALUES(19,'297','','2024-10-01','F','VIVO','',NULL,NULL,NULL,NULL);
INSERT INTO rebanho_animal VALUES(20,'290','','2024-10-01','F','VIVO','',NULL,NULL,NULL,NULL);
INSERT INTO rebanho_animal VALUES(21,'272','','2024-10-01','F','VIVO','',NULL,NULL,NULL,NULL);
INSERT INTO rebanho_animal VALUES(22,'278','','2024-10-26','F','VIVO','',NULL,NULL,NULL,NULL);
INSERT INTO rebanho_animal VALUES(23,'271','','2024-10-01','F','VIVO','',NULL,NULL,NULL,NULL);
INSERT INTO rebanho_animal VALUES(24,'285','','2024-12-14','F','VIVO','',NULL,NULL,NULL,NULL);
INSERT INTO rebanho_animal VALUES(25,'302','','2024-10-01','F','VIVO','',NULL,NULL,NULL,NULL);
INSERT INTO rebanho_animal VALUES(26,'295','','2024-11-29','F','VIVO','',NULL,NULL,NULL,NULL);
INSERT INTO rebanho_animal VALUES(27,'282','','2024-10-01','F','VIVO','',NULL,NULL,NULL,NULL);
INSERT INTO rebanho_animal VALUES(28,'276','','2024-12-02','F','VIVO','',NULL,NULL,NULL,NULL);
INSERT INTO rebanho_animal VALUES(29,'291','','2024-12-07','F','VIVO','',NULL,NULL,NULL,NULL);
INSERT INTO rebanho_animal VALUES(30,'293','','2024-10-01','F','VIVO','',NULL,NULL,NULL,NULL);
INSERT INTO rebanho_animal VALUES(31,'279','','2024-10-01','F','VIVO','',NULL,NULL,NULL,NULL);
INSERT INTO rebanho_animal VALUES(32,'301','','2024-10-01','F','VIVO','',NULL,NULL,NULL,NULL);
INSERT INTO rebanho_animal VALUES(33,'327','','2024-10-01','F','VIVO','',NULL,NULL,NULL,NULL);
INSERT INTO rebanho_animal VALUES(34,'298','','2024-12-20','F','VIVO','',NULL,NULL,NULL,NULL);
INSERT INTO rebanho_animal VALUES(35,'123','','2023-01-01','F','VIVO','',NULL,NULL,NULL,NULL);
INSERT INTO rebanho_animal VALUES(36,'125','','2023-01-01','F','VIVO','',NULL,NULL,NULL,NULL);
INSERT INTO rebanho_animal VALUES(37,'127','','2023-01-01','F','VIVO','',NULL,NULL,NULL,NULL);
INSERT INTO rebanho_animal VALUES(38,'130','','2023-01-01','F','VIVO','',NULL,NULL,NULL,NULL);
INSERT INTO rebanho_animal VALUES(39,'132','','2023-01-01','F','VENDIDO','',NULL,NULL,NULL,NULL);
INSERT INTO rebanho_animal VALUES(40,'133','','2023-01-01','F','VIVO','',NULL,NULL,NULL,NULL);
INSERT INTO rebanho_animal VALUES(41,'134','','2023-01-01','F','VIVO','',NULL,NULL,NULL,NULL);
INSERT INTO rebanho_animal VALUES(42,'135','','2023-01-01','F','VIVO','',NULL,NULL,NULL,NULL);
INSERT INTO rebanho_animal VALUES(43,'138','','2023-01-01','F','VIVO','',NULL,NULL,NULL,NULL);
INSERT INTO rebanho_animal VALUES(44,'139','','2023-01-01','F','VIVO','',NULL,NULL,NULL,NULL);
INSERT INTO rebanho_animal VALUES(45,'142','','2023-01-01','F','VIVO','',NULL,NULL,NULL,NULL);
INSERT INTO rebanho_animal VALUES(46,'148','','2023-01-01','F','VIVO','',NULL,NULL,NULL,NULL);
INSERT INTO rebanho_animal VALUES(47,'149','','2023-01-01','F','VIVO','',NULL,NULL,NULL,NULL);
INSERT INTO rebanho_animal VALUES(48,'151','','2023-01-01','F','VIVO','',NULL,NULL,NULL,NULL);
INSERT INTO rebanho_animal VALUES(49,'152','','2023-01-01','F','VIVO','',NULL,NULL,NULL,NULL);
INSERT INTO rebanho_animal VALUES(50,'158','','2023-01-01','F','VIVO','',NULL,NULL,NULL,NULL);
INSERT INTO rebanho_animal VALUES(51,'161','','2023-01-01','F','VIVO','',NULL,NULL,NULL,NULL);
INSERT INTO rebanho_animal VALUES(52,'163','','2023-01-01','F','VIVO','',NULL,NULL,NULL,NULL);
INSERT INTO rebanho_animal VALUES(53,'166','','2023-01-01','F','VIVO','',NULL,NULL,NULL,NULL);
INSERT INTO rebanho_animal VALUES(54,'167','','2023-01-01','F','VIVO','',NULL,NULL,NULL,NULL);
INSERT INTO rebanho_animal VALUES(55,'169','','2023-01-01','F','VIVO','',NULL,NULL,NULL,NULL);
INSERT INTO rebanho_animal VALUES(56,'170','','2023-01-01','F','VIVO','',NULL,NULL,NULL,NULL);
INSERT INTO rebanho_animal VALUES(57,'171','','2023-01-01','F','VIVO','',NULL,NULL,NULL,NULL);
INSERT INTO rebanho_animal VALUES(58,'172','','2023-01-01','F','VIVO','',NULL,NULL,NULL,NULL);
INSERT INTO rebanho_animal VALUES(59,'174','','2023-01-01','F','VIVO','',NULL,NULL,NULL,NULL);
INSERT INTO rebanho_animal VALUES(60,'175','','2023-01-01','F','VIVO','',NULL,NULL,NULL,NULL);
INSERT INTO rebanho_animal VALUES(61,'176','','2023-01-01','F','VIVO','',NULL,NULL,NULL,NULL);
INSERT INTO rebanho_animal VALUES(62,'191','','2023-01-01','F','VIVO','',NULL,NULL,NULL,NULL);
INSERT INTO rebanho_animal VALUES(63,'193','','2023-01-01','F','VIVO','',NULL,NULL,NULL,NULL);
INSERT INTO rebanho_animal VALUES(64,'200','','2023-01-01','F','VIVO','',NULL,NULL,NULL,NULL);
INSERT INTO rebanho_animal VALUES(65,'201','','2023-01-01','F','VIVO','',NULL,NULL,NULL,NULL);
INSERT INTO rebanho_animal VALUES(66,'202',NULL,'2023-01-01','F','MORTO','',NULL,NULL,NULL,NULL);
INSERT INTO rebanho_animal VALUES(67,'203','','2023-01-01','F','VIVO','',NULL,NULL,NULL,NULL);
INSERT INTO rebanho_animal VALUES(68,'204','','2023-01-01','F','VIVO','',NULL,NULL,NULL,NULL);
INSERT INTO rebanho_animal VALUES(69,'206','','2023-01-01','F','VIVO','',NULL,NULL,NULL,NULL);
INSERT INTO rebanho_animal VALUES(70,'209','','2023-01-01','F','VIVO','',NULL,NULL,NULL,NULL);
INSERT INTO rebanho_animal VALUES(71,'210','','2023-01-01','F','VIVO','',NULL,NULL,NULL,NULL);
INSERT INTO rebanho_animal VALUES(72,'214','','2023-01-01','F','VIVO','',NULL,NULL,NULL,NULL);
INSERT INTO rebanho_animal VALUES(73,'218','','2023-01-01','F','VENDIDO','',NULL,NULL,NULL,NULL);
INSERT INTO rebanho_animal VALUES(74,'219','','2023-01-01','F','VIVO','',NULL,NULL,NULL,NULL);
INSERT INTO rebanho_animal VALUES(75,'224','','2023-01-01','F','VIVO','',NULL,NULL,NULL,NULL);
INSERT INTO rebanho_animal VALUES(76,'265','','2023-01-01','F','VIVO','',NULL,NULL,NULL,NULL);
INSERT INTO rebanho_animal VALUES(77,'269','','2023-01-01','F','VIVO','',NULL,NULL,NULL,NULL);
INSERT INTO rebanho_animal VALUES(78,'126','','2023-01-01','F','VIVO','',NULL,NULL,NULL,NULL);
INSERT INTO rebanho_animal VALUES(79,'128','','2023-01-01','F','VIVO','',NULL,NULL,NULL,NULL);
INSERT INTO rebanho_animal VALUES(80,'129','','2023-01-01','F','VIVO','',NULL,NULL,NULL,NULL);
INSERT INTO rebanho_animal VALUES(81,'137','','2023-01-01','F','VIVO','',NULL,NULL,NULL,NULL);
INSERT INTO rebanho_animal VALUES(82,'140','','2023-01-01','F','VIVO','',NULL,NULL,NULL,NULL);
INSERT INTO rebanho_animal VALUES(83,'141','','2023-01-01','F','VIVO','',NULL,NULL,NULL,NULL);
INSERT INTO rebanho_animal VALUES(84,'143','','2023-01-01','F','VIVO','',NULL,NULL,NULL,NULL);
INSERT INTO rebanho_animal VALUES(85,'144','','2023-01-01','F','VIVO','',NULL,NULL,NULL,NULL);
INSERT INTO rebanho_animal VALUES(86,'147','','2023-01-01','F','VIVO','',NULL,NULL,NULL,NULL);
INSERT INTO rebanho_animal VALUES(87,'150','','2023-01-01','F','VIVO','',NULL,NULL,NULL,NULL);
INSERT INTO rebanho_animal VALUES(88,'153','','2023-01-01','F','VIVO','',NULL,NULL,NULL,NULL);
INSERT INTO rebanho_animal VALUES(89,'154','','2023-01-01','F','VIVO','',NULL,NULL,NULL,NULL);
INSERT INTO rebanho_animal VALUES(90,'155','','2023-01-01','F','VIVO','',NULL,NULL,NULL,NULL);
INSERT INTO rebanho_animal VALUES(91,'156','','2023-01-01','F','VIVO','',NULL,NULL,NULL,NULL);
INSERT INTO rebanho_animal VALUES(92,'159','','2023-01-01','F','VENDIDO','',NULL,NULL,NULL,NULL);
INSERT INTO rebanho_animal VALUES(93,'164','','2023-01-01','F','VIVO','',NULL,NULL,NULL,NULL);
INSERT INTO rebanho_animal VALUES(94,'165','','2023-01-01','F','VIVO','',NULL,NULL,NULL,NULL);
INSERT INTO rebanho_animal VALUES(95,'173','','2023-01-01','F','VENDIDO','',NULL,NULL,NULL,NULL);
INSERT INTO rebanho_animal VALUES(96,'177','','2023-01-01','F','VIVO','',NULL,NULL,NULL,NULL);
INSERT INTO rebanho_animal VALUES(97,'178','','2023-01-01','F','VIVO','',NULL,NULL,NULL,NULL);
INSERT INTO rebanho_animal VALUES(98,'179','','2023-01-01','F','VIVO','',NULL,NULL,NULL,NULL);
INSERT INTO rebanho_animal VALUES(99,'180','','2023-01-01','F','VIVO','',NULL,NULL,NULL,NULL);
INSERT INTO rebanho_animal VALUES(100,'182','','2023-01-01','F','VIVO','',NULL,NULL,NULL,NULL);
INSERT INTO rebanho_animal VALUES(101,'183','','2023-01-01','F','VIVO','',NULL,NULL,NULL,NULL);
INSERT INTO rebanho_animal VALUES(102,'184','','2023-01-01','F','VIVO','',NULL,NULL,NULL,NULL);
INSERT INTO rebanho_animal VALUES(103,'185','','2023-01-01','F','VIVO','',NULL,NULL,NULL,NULL);
INSERT INTO rebanho_animal VALUES(104,'186','','2023-01-01','F','VENDIDO','',NULL,NULL,NULL,NULL);
INSERT INTO rebanho_animal VALUES(105,'188','','2023-01-01','F','VIVO','',NULL,NULL,NULL,NULL);
INSERT INTO rebanho_animal VALUES(106,'190','','2023-01-01','F','VIVO','',NULL,NULL,NULL,NULL);
INSERT INTO rebanho_animal VALUES(107,'194','','2023-01-01','F','VIVO','',NULL,NULL,NULL,NULL);
INSERT INTO rebanho_animal VALUES(108,'195','','2023-01-01','F','VIVO','',NULL,NULL,NULL,NULL);
INSERT INTO rebanho_animal VALUES(109,'196','','2023-01-01','F','VIVO','',NULL,NULL,NULL,NULL);
INSERT INTO rebanho_animal VALUES(110,'199','','2023-01-01','F','VIVO','',NULL,NULL,NULL,NULL);
INSERT INTO rebanho_animal VALUES(111,'207','','2023-01-01','F','VIVO','',NULL,NULL,NULL,NULL);
INSERT INTO rebanho_animal VALUES(112,'208','','2023-01-01','F','VIVO','',NULL,NULL,NULL,NULL);
INSERT INTO rebanho_animal VALUES(113,'213','','2023-01-01','F','VIVO','',NULL,NULL,NULL,NULL);
INSERT INTO rebanho_animal VALUES(114,'215','','2023-01-01','F','VIVO','',NULL,NULL,NULL,NULL);
INSERT INTO rebanho_animal VALUES(115,'216','','2023-01-01','F','VIVO','',NULL,NULL,NULL,NULL);
INSERT INTO rebanho_animal VALUES(116,'217','','2023-01-01','F','VIVO','',NULL,NULL,NULL,NULL);
INSERT INTO rebanho_animal VALUES(117,'221','','2023-01-01','F','VIVO','',NULL,NULL,NULL,NULL);
INSERT INTO rebanho_animal VALUES(118,'223','','2023-01-01','F','VIVO','',NULL,NULL,NULL,NULL);
INSERT INTO rebanho_animal VALUES(119,'225','','2023-01-01','F','VIVO','',NULL,NULL,NULL,NULL);
INSERT INTO rebanho_animal VALUES(120,'29','','2018-07-21','F','VENDIDO','',NULL,NULL,NULL,NULL);
INSERT INTO rebanho_animal VALUES(121,'22','','2019-01-01','F','VENDIDO','',NULL,NULL,NULL,NULL);
INSERT INTO rebanho_animal VALUES(122,'43','','2019-01-01','F','VIVO','',NULL,NULL,NULL,NULL);
INSERT INTO rebanho_animal VALUES(123,'47','','2019-01-01','F','VIVO','',NULL,NULL,NULL,NULL);
INSERT INTO rebanho_animal VALUES(124,'82','','2019-01-01','F','VIVO','',NULL,NULL,NULL,NULL);
INSERT INTO rebanho_animal VALUES(125,'84','','2019-01-01','F','VIVO','',NULL,NULL,NULL,NULL);
INSERT INTO rebanho_animal VALUES(126,'85','','2019-01-01','F','VIVO','',NULL,NULL,NULL,NULL);
INSERT INTO rebanho_animal VALUES(127,'91','','2019-01-01','F','VIVO','',NULL,NULL,NULL,NULL);
INSERT INTO rebanho_animal VALUES(128,'93','','2019-01-01','F','VIVO','',NULL,NULL,NULL,NULL);
INSERT INTO rebanho_animal VALUES(129,'97','','2019-01-01','F','VIVO','',NULL,NULL,NULL,NULL);
INSERT INTO rebanho_animal VALUES(130,'99','','2019-01-01','F','VIVO','',NULL,NULL,NULL,NULL);
INSERT INTO rebanho_animal VALUES(131,'106','','2018-01-01','F','VENDIDO','',NULL,NULL,NULL,NULL);
INSERT INTO rebanho_animal VALUES(132,'109','','2019-01-01','F','VENDIDO','',NULL,NULL,NULL,NULL);
INSERT INTO rebanho_animal VALUES(133,'110','','2019-01-01','F','VIVO','',NULL,NULL,NULL,NULL);
INSERT INTO rebanho_animal VALUES(134,'114','','2019-01-01','F','VIVO','',NULL,NULL,NULL,NULL);
INSERT INTO rebanho_animal VALUES(135,'102','','2019-01-01','F','VIVO','',NULL,NULL,NULL,NULL);
INSERT INTO rebanho_animal VALUES(136,'95','','2019-01-01','F','VIVO','',NULL,NULL,NULL,NULL);
INSERT INTO rebanho_animal VALUES(137,'88','','2019-01-01','F','VIVO','',NULL,NULL,NULL,NULL);
INSERT INTO rebanho_animal VALUES(138,'28','','2019-01-01','F','VENDIDO','',NULL,NULL,NULL,NULL);
INSERT INTO rebanho_animal VALUES(139,'65','','2019-01-01','F','VIVO','',NULL,NULL,NULL,NULL);
INSERT INTO rebanho_animal VALUES(140,'116','','2019-01-01','F','VIVO','',NULL,NULL,NULL,NULL);
INSERT INTO rebanho_animal VALUES(141,'108','','2019-01-01','F','VIVO','',NULL,NULL,NULL,NULL);
INSERT INTO rebanho_animal VALUES(142,'46','','2019-01-01','F','VIVO','',NULL,NULL,NULL,NULL);
INSERT INTO rebanho_animal VALUES(143,'326','','2025-01-01','F','VIVO','',NULL,NULL,NULL,NULL);
INSERT INTO rebanho_animal VALUES(144,'325','','2025-01-01','F','VIVO','',NULL,NULL,NULL,NULL);
INSERT INTO rebanho_animal VALUES(145,'324','','2025-01-01','F','VIVO','',NULL,NULL,NULL,NULL);
INSERT INTO rebanho_animal VALUES(146,'323','','2025-01-01','F','VIVO','',NULL,NULL,NULL,NULL);
INSERT INTO rebanho_animal VALUES(147,'322','','2025-01-01','F','VIVO','',NULL,NULL,NULL,NULL);
INSERT INTO rebanho_animal VALUES(148,'321','','2025-01-01','F','VIVO','',NULL,NULL,NULL,NULL);
INSERT INTO rebanho_animal VALUES(149,'320','','2025-01-01','F','VIVO','',NULL,NULL,NULL,NULL);
INSERT INTO rebanho_animal VALUES(150,'319','','2025-01-01','F','VIVO','',NULL,NULL,NULL,NULL);
INSERT INTO rebanho_animal VALUES(151,'318','','2025-01-01','F','VIVO','',NULL,NULL,NULL,NULL);
INSERT INTO rebanho_animal VALUES(152,'317','','2025-01-01','F','VIVO','',NULL,NULL,NULL,NULL);
INSERT INTO rebanho_animal VALUES(153,'316','','2025-01-01','F','VIVO','',NULL,NULL,NULL,NULL);
INSERT INTO rebanho_animal VALUES(154,'315','','2025-01-01','F','VIVO','',NULL,NULL,NULL,NULL);
INSERT INTO rebanho_animal VALUES(155,'314','','2025-01-01','F','VIVO','',NULL,NULL,NULL,NULL);
INSERT INTO rebanho_animal VALUES(156,'313','','2025-01-01','F','VIVO','',NULL,NULL,NULL,NULL);
INSERT INTO rebanho_animal VALUES(157,'312','','2025-01-01','F','VIVO','',NULL,NULL,NULL,NULL);
INSERT INTO rebanho_animal VALUES(158,'311','','2025-01-01','F','VIVO','',NULL,NULL,NULL,NULL);
INSERT INTO rebanho_animal VALUES(159,'310','','2025-01-01','F','VIVO','',NULL,NULL,NULL,NULL);
INSERT INTO rebanho_animal VALUES(160,'309','','2025-01-01','F','VIVO','',NULL,NULL,NULL,NULL);
INSERT INTO rebanho_animal VALUES(161,'308','','2025-01-01','F','VIVO','',NULL,NULL,NULL,NULL);
INSERT INTO rebanho_animal VALUES(162,'307','','2025-01-01','F','VIVO','',NULL,NULL,NULL,NULL);
INSERT INTO rebanho_animal VALUES(163,'306','','2025-01-01','F','VIVO','',NULL,NULL,NULL,NULL);
INSERT INTO rebanho_animal VALUES(164,'303','','2025-01-01','F','VIVO','',NULL,NULL,NULL,NULL);
INSERT INTO rebanho_animal VALUES(165,'299','','2025-01-01','F','VIVO','',NULL,NULL,NULL,NULL);
INSERT INTO rebanho_animal VALUES(166,'300','','2025-01-01','F','VIVO','',NULL,NULL,NULL,NULL);
INSERT INTO rebanho_animal VALUES(167,'292','','2025-01-01','F','VIVO','',NULL,NULL,NULL,NULL);
INSERT INTO rebanho_animal VALUES(168,'275','','2025-01-01','F','VIVO','',NULL,NULL,NULL,NULL);
INSERT INTO rebanho_animal VALUES(169,'76','','2021-01-01','F','VIVO','',NULL,NULL,NULL,NULL);
INSERT INTO rebanho_animal VALUES(170,'25','','2021-01-01','F','VIVO','',NULL,NULL,NULL,NULL);
INSERT INTO rebanho_animal VALUES(171,'38','','2018-01-23','F','VIVO','',NULL,NULL,NULL,NULL);
INSERT INTO rebanho_animal VALUES(172,'71','','2021-01-23','F','VIVO','',NULL,NULL,NULL,NULL);
INSERT INTO rebanho_animal VALUES(173,'31','','2021-01-23','F','VIVO','',NULL,NULL,NULL,NULL);
INSERT INTO rebanho_animal VALUES(174,'5','','2021-01-23','F','VIVO','',NULL,NULL,NULL,NULL);
INSERT INTO rebanho_animal VALUES(175,'30','','2018-01-23','F','VIVO','',NULL,NULL,NULL,NULL);
INSERT INTO rebanho_animal VALUES(176,'79','','2021-01-23','F','VIVO','',NULL,NULL,NULL,NULL);
INSERT INTO rebanho_animal VALUES(177,'72','','2021-01-01','F','VIVO','',NULL,NULL,NULL,NULL);
INSERT INTO rebanho_animal VALUES(178,'55','','2021-01-01','F','VENDIDO','',NULL,NULL,NULL,NULL);
INSERT INTO rebanho_animal VALUES(179,'98','','2018-01-23','F','VIVO','',NULL,NULL,NULL,NULL);
INSERT INTO rebanho_animal VALUES(180,'44','','2022-01-23','F','VIVO','',NULL,NULL,NULL,NULL);
INSERT INTO rebanho_animal VALUES(181,'107','','2018-01-23','F','VIVO','',NULL,NULL,NULL,NULL);
INSERT INTO rebanho_animal VALUES(182,'57','','2022-01-23','F','VIVO','',NULL,NULL,NULL,NULL);
INSERT INTO rebanho_animal VALUES(183,'59','','2021-01-23','F','VIVO','',NULL,NULL,NULL,NULL);
INSERT INTO rebanho_animal VALUES(184,'105','','2020-01-23','F','VIVO','',NULL,NULL,NULL,NULL);
INSERT INTO rebanho_animal VALUES(185,'3','','2018-01-23','F','VENDIDO','',NULL,NULL,NULL,NULL);
INSERT INTO rebanho_animal VALUES(186,'45','','2018-01-23','F','VIVO','',NULL,NULL,NULL,NULL);
INSERT INTO rebanho_animal VALUES(187,'21','','2021-01-23','F','VIVO','',NULL,NULL,NULL,NULL);
INSERT INTO rebanho_animal VALUES(188,'58','','2021-01-23','F','VIVO','',NULL,NULL,NULL,NULL);
INSERT INTO rebanho_animal VALUES(189,'89','','2018-01-23','F','VIVO','',NULL,NULL,NULL,NULL);
INSERT INTO rebanho_animal VALUES(190,'15','','2021-01-23','F','VIVO','',NULL,NULL,NULL,NULL);
INSERT INTO rebanho_animal VALUES(191,'41','','2021-01-23','F','VIVO','',NULL,NULL,NULL,NULL);
INSERT INTO rebanho_animal VALUES(192,'27','','2018-01-23','F','VIVO','',NULL,NULL,NULL,NULL);
INSERT INTO rebanho_animal VALUES(193,'sb','','2018-01-23','F','VENDIDO','',NULL,NULL,NULL,NULL);
INSERT INTO rebanho_animal VALUES(194,'8','','2022-01-23','F','VIVO','',NULL,NULL,NULL,NULL);
INSERT INTO rebanho_animal VALUES(195,'90','','2018-01-23','F','VIVO','',NULL,NULL,NULL,NULL);
INSERT INTO rebanho_animal VALUES(196,'70','','2021-01-23','F','VIVO','',NULL,NULL,NULL,NULL);
INSERT INTO rebanho_animal VALUES(197,'61','','2021-01-23','F','VIVO','',NULL,NULL,NULL,NULL);
INSERT INTO rebanho_animal VALUES(198,'18','','2022-01-23','F','VIVO','',NULL,NULL,NULL,NULL);
INSERT INTO rebanho_animal VALUES(199,'24','','2021-01-23','F','VIVO','',NULL,NULL,NULL,NULL);
INSERT INTO rebanho_animal VALUES(200,'80','','2017-01-23','F','VIVO','',NULL,NULL,NULL,NULL);
INSERT INTO rebanho_animal VALUES(201,'67','','2020-01-23','F','VIVO','',NULL,NULL,NULL,NULL);
INSERT INTO rebanho_animal VALUES(202,'32','','2021-01-23','F','VIVO','',NULL,NULL,NULL,NULL);
INSERT INTO rebanho_animal VALUES(203,'101','','2017-01-23','F','VIVO','',NULL,NULL,NULL,NULL);
INSERT INTO rebanho_animal VALUES(204,'48','','2021-01-23','F','VIVO','',NULL,NULL,NULL,NULL);
INSERT INTO rebanho_animal VALUES(205,'81','','2018-01-23','F','VENDIDO','',NULL,NULL,NULL,NULL);
INSERT INTO rebanho_animal VALUES(206,'112','','2018-01-23','F','VIVO','',NULL,NULL,NULL,NULL);
INSERT INTO rebanho_animal VALUES(207,'11','','2021-01-23','F','VIVO','',NULL,NULL,NULL,NULL);
INSERT INTO rebanho_animal VALUES(208,'33','','2021-01-23','F','VENDIDO','',NULL,NULL,NULL,NULL);
INSERT INTO rebanho_animal VALUES(209,'62','','2018-01-23','F','VIVO','',NULL,NULL,NULL,NULL);
INSERT INTO rebanho_animal VALUES(210,'16','','2021-01-23','F','VIVO','',NULL,NULL,NULL,NULL);
INSERT INTO rebanho_animal VALUES(211,'54','','2021-01-23','F','VIVO','',NULL,NULL,NULL,NULL);
INSERT INTO rebanho_animal VALUES(212,'40','','2021-01-23','F','VIVO','',NULL,NULL,NULL,NULL);
INSERT INTO rebanho_animal VALUES(213,'51','','2021-01-23','F','VENDIDO','',NULL,NULL,NULL,NULL);
INSERT INTO rebanho_animal VALUES(214,'83','','2017-01-23','F','VENDIDO','',NULL,NULL,NULL,NULL);
INSERT INTO rebanho_animal VALUES(215,'13','','2022-01-23','F','VIVO','',NULL,NULL,NULL,NULL);
INSERT INTO rebanho_animal VALUES(216,'66','','2021-01-23','F','VIVO','',NULL,NULL,NULL,NULL);
INSERT INTO rebanho_animal VALUES(217,'78','','2018-01-23','F','VENDIDO','',NULL,NULL,NULL,NULL);
INSERT INTO rebanho_animal VALUES(218,'36',NULL,'2021-01-23','F','MORTO','',NULL,NULL,NULL,NULL);
INSERT INTO rebanho_animal VALUES(219,'1','','2021-01-23','F','VIVO','',NULL,NULL,NULL,NULL);
INSERT INTO rebanho_animal VALUES(220,'50','','2018-01-23','F','VIVO','',NULL,NULL,NULL,NULL);
INSERT INTO rebanho_animal VALUES(221,'94','','2022-01-23','F','VIVO','',NULL,NULL,NULL,NULL);
INSERT INTO rebanho_animal VALUES(222,'131','','2023-01-01','F','VENDIDO','',NULL,NULL,NULL,NULL);
INSERT INTO rebanho_animal VALUES(223,'136','','2023-01-01','F','VIVO','',NULL,NULL,NULL,NULL);
INSERT INTO rebanho_animal VALUES(224,'157','','2023-01-01','F','VENDIDO','',NULL,NULL,NULL,NULL);
INSERT INTO rebanho_animal VALUES(225,'162','','2023-01-01','F','VIVO','',NULL,NULL,NULL,NULL);
INSERT INTO rebanho_animal VALUES(226,'168','','2023-01-01','F','VIVO','',NULL,NULL,NULL,NULL);
INSERT INTO rebanho_animal VALUES(227,'181','','2023-01-01','F','VIVO','',NULL,NULL,NULL,NULL);
INSERT INTO rebanho_animal VALUES(228,'192','','2023-01-01','F','VIVO','',NULL,NULL,NULL,NULL);
INSERT INTO rebanho_animal VALUES(229,'197','','2023-01-01','F','VIVO','',NULL,NULL,NULL,NULL);
INSERT INTO rebanho_animal VALUES(230,'205','','2023-01-01','F','VIVO','',NULL,NULL,NULL,NULL);
INSERT INTO rebanho_animal VALUES(231,'212','','2023-01-01','F','VIVO','',NULL,NULL,NULL,NULL);
INSERT INTO rebanho_animal VALUES(232,'222','','2023-01-01','F','VIVO','',NULL,NULL,NULL,NULL);
INSERT INTO rebanho_animal VALUES(233,'226','','2024-01-01','F','VIVO','',NULL,NULL,NULL,NULL);
INSERT INTO rebanho_animal VALUES(234,'227','','2024-01-01','F','VIVO','',NULL,NULL,NULL,NULL);
INSERT INTO rebanho_animal VALUES(235,'228','','2024-01-01','F','VIVO','',NULL,NULL,NULL,NULL);
INSERT INTO rebanho_animal VALUES(236,'229','','2024-01-01','F','VIVO','',NULL,NULL,NULL,NULL);
INSERT INTO rebanho_animal VALUES(237,'231','','2024-01-01','F','VIVO','',NULL,NULL,NULL,NULL);
INSERT INTO rebanho_animal VALUES(238,'232','','2024-01-01','F','VIVO','',NULL,NULL,NULL,NULL);
INSERT INTO rebanho_animal VALUES(239,'233','','2024-01-01','F','VIVO','',NULL,NULL,NULL,NULL);
INSERT INTO rebanho_animal VALUES(240,'234','','2024-01-01','F','VIVO','',NULL,NULL,NULL,NULL);
INSERT INTO rebanho_animal VALUES(241,'237','','2024-01-01','F','VIVO','',NULL,NULL,NULL,NULL);
INSERT INTO rebanho_animal VALUES(242,'238','','2024-01-01','F','VIVO','',NULL,NULL,NULL,NULL);
INSERT INTO rebanho_animal VALUES(243,'239','','2024-01-01','F','VIVO','',NULL,NULL,NULL,NULL);
INSERT INTO rebanho_animal VALUES(244,'240','','2024-01-01','F','VIVO','',NULL,NULL,NULL,NULL);
INSERT INTO rebanho_animal VALUES(245,'242','','2024-01-01','F','VIVO','',NULL,NULL,NULL,NULL);
INSERT INTO rebanho_animal VALUES(246,'243','','2024-01-01','F','VIVO','',NULL,NULL,NULL,NULL);
INSERT INTO rebanho_animal VALUES(247,'245','','2024-01-01','F','VIVO','',NULL,NULL,NULL,NULL);
INSERT INTO rebanho_animal VALUES(248,'247','','2024-01-01','F','VIVO','',NULL,NULL,NULL,NULL);
INSERT INTO rebanho_animal VALUES(249,'248','','2024-01-01','F','VIVO','',NULL,NULL,NULL,NULL);
INSERT INTO rebanho_animal VALUES(250,'250','','2024-01-01','F','VIVO','',NULL,NULL,NULL,NULL);
INSERT INTO rebanho_animal VALUES(251,'252','','2024-01-01','F','VIVO','',NULL,NULL,NULL,NULL);
INSERT INTO rebanho_animal VALUES(252,'253','','2024-01-01','F','VIVO','',NULL,NULL,NULL,NULL);
INSERT INTO rebanho_animal VALUES(253,'254','','2024-01-01','F','VIVO','',NULL,NULL,NULL,NULL);
INSERT INTO rebanho_animal VALUES(254,'255','','2024-01-01','F','VIVO','',NULL,NULL,NULL,NULL);
INSERT INTO rebanho_animal VALUES(255,'260','','2024-01-01','F','VIVO','',NULL,NULL,NULL,NULL);
INSERT INTO rebanho_animal VALUES(256,'261','','2024-01-01','F','VIVO','',NULL,NULL,NULL,NULL);
INSERT INTO rebanho_animal VALUES(257,'262','','2024-01-01','F','VIVO','',NULL,NULL,NULL,NULL);
INSERT INTO rebanho_animal VALUES(258,'263','','2024-01-01','F','VIVO','',NULL,NULL,NULL,NULL);
INSERT INTO rebanho_animal VALUES(259,'264','','2024-01-30','F','VIVO','',NULL,NULL,NULL,NULL);
INSERT INTO rebanho_animal VALUES(260,'270','','2024-01-30','F','VIVO','',NULL,NULL,NULL,NULL);
INSERT INTO rebanho_animal VALUES(261,'251','','2024-01-01','F','VIVO','',NULL,NULL,NULL,NULL);
INSERT INTO rebanho_animal VALUES(262,'53','','2020-01-01','F','VIVO','',NULL,NULL,NULL,NULL);
INSERT INTO rebanho_animal VALUES(263,'244','','2023-01-01','F','VIVO','',NULL,NULL,NULL,NULL);
INSERT INTO rebanho_animal VALUES(264,'235','','2024-01-01','F','VIVO','',NULL,NULL,NULL,NULL);
INSERT INTO rebanho_animal VALUES(265,'258','','2024-01-01','F','VIVO','',NULL,NULL,NULL,NULL);
INSERT INTO rebanho_animal VALUES(266,'249','','2024-01-01','F','VIVO','',NULL,NULL,NULL,NULL);
INSERT INTO rebanho_animal VALUES(267,'92','','2020-01-01','F','VIVO','',NULL,NULL,NULL,NULL);
INSERT INTO rebanho_animal VALUES(268,'63','','2020-01-01','F','VIVO','',NULL,NULL,NULL,NULL);
INSERT INTO rebanho_animal VALUES(269,'sn','','2020-01-01','F','VIVO','',NULL,NULL,NULL,NULL);
INSERT INTO rebanho_animal VALUES(270,'259','','2024-01-01','F','VIVO','',NULL,NULL,NULL,NULL);
INSERT INTO rebanho_animal VALUES(271,'257','','2024-01-01','F','VIVO','',NULL,NULL,NULL,NULL);
INSERT INTO rebanho_animal VALUES(272,'256','','2024-01-01','F','VENDIDO','',NULL,NULL,NULL,NULL);
INSERT INTO rebanho_animal VALUES(273,'230','','2024-01-01','F','VENDIDO','',NULL,NULL,NULL,NULL);
INSERT INTO rebanho_animal VALUES(274,'246','','2024-01-01','F','VENDIDO','',NULL,NULL,NULL,NULL);
INSERT INTO rebanho_animal VALUES(275,'187','','2022-01-07','F','VENDIDO','',NULL,NULL,NULL,NULL);
INSERT INTO rebanho_animal VALUES(276,'52','','2018-01-01','F','VENDIDO','',NULL,NULL,NULL,NULL);
INSERT INTO rebanho_animal VALUES(277,'2','','2018-01-01','F','VIVO','',NULL,NULL,NULL,NULL);
INSERT INTO rebanho_animal VALUES(278,'FM946',NULL,'2021-01-01','M','VIVO','BOI DA TOP GEN',NULL,NULL,NULL,NULL);
INSERT INTO rebanho_animal VALUES(279,'160','','2023-01-01','F','VIVO','',NULL,NULL,NULL,NULL);
INSERT INTO rebanho_animal VALUES(280,'145','','2023-01-01','F','VIVO','',NULL,NULL,NULL,NULL);
INSERT INTO rebanho_animal VALUES(281,'211','','2023-01-01','F','VIVO','',NULL,NULL,NULL,NULL);
INSERT INTO rebanho_animal VALUES(282,'189','','2023-01-01','F','VIVO','',NULL,NULL,NULL,NULL);
INSERT INTO rebanho_animal VALUES(283,'198','','2023-01-01','F','VIVO','',NULL,NULL,NULL,NULL);
INSERT INTO rebanho_animal VALUES(284,'220','','2023-01-01','F','VIVO','',NULL,NULL,NULL,NULL);
INSERT INTO rebanho_animal VALUES(285,'146','','2023-01-01','F','VIVO','',NULL,NULL,NULL,NULL);
INSERT INTO rebanho_animal VALUES(286,'34','','2019-01-01','F','VIVO','',NULL,NULL,NULL,NULL);
INSERT INTO rebanho_animal VALUES(287,'Bzo 1','','2025-10-01','M','VENDIDO','',NULL,NULL,NULL,NULL);
INSERT INTO rebanho_animal VALUES(288,'Bzo 2','','2025-10-01','M','VENDIDO','',NULL,NULL,NULL,NULL);
INSERT INTO rebanho_animal VALUES(289,'Bzo 3','','2025-10-01','M','VENDIDO','',NULL,NULL,NULL,NULL);
INSERT INTO rebanho_animal VALUES(290,'Bzo 4','','2025-10-01','M','VENDIDO','',NULL,NULL,NULL,NULL);
INSERT INTO rebanho_animal VALUES(291,'Bzo 5','','2025-10-01','M','VENDIDO','',NULL,NULL,NULL,NULL);
INSERT INTO rebanho_animal VALUES(292,'Bzo 6','','2025-10-01','M','VENDIDO','',NULL,NULL,NULL,NULL);
INSERT INTO rebanho_animal VALUES(293,'Bzo 7','','2025-10-01','M','VENDIDO','',NULL,NULL,NULL,NULL);
INSERT INTO rebanho_animal VALUES(294,'Bzo 8','','2025-10-01','M','VENDIDO','',NULL,NULL,NULL,NULL);
INSERT INTO rebanho_animal VALUES(295,'Bzo 9','','2025-10-01','M','VENDIDO','',NULL,NULL,NULL,NULL);
INSERT INTO rebanho_animal VALUES(296,'Bzo 10','','2025-10-01','M','VENDIDO','',NULL,NULL,NULL,NULL);
INSERT INTO rebanho_animal VALUES(297,'Bzo 11','','2025-10-01','M','VENDIDO','',NULL,NULL,NULL,NULL);
INSERT INTO rebanho_animal VALUES(298,'Bzo 12','','2025-10-01','M','VENDIDO','',NULL,NULL,NULL,NULL);
INSERT INTO rebanho_animal VALUES(299,'Bzo 13','','2025-10-01','M','VENDIDO','',NULL,NULL,NULL,NULL);
INSERT INTO rebanho_animal VALUES(300,'Bzo 14','','2025-10-01','M','VENDIDO','',NULL,NULL,NULL,NULL);
INSERT INTO rebanho_animal VALUES(301,'Bzo 15','','2025-10-01','M','VENDIDO','',NULL,NULL,NULL,NULL);
INSERT INTO rebanho_animal VALUES(302,'Bzo 16','','2025-10-01','M','VENDIDO','',NULL,NULL,NULL,NULL);
INSERT INTO rebanho_animal VALUES(303,'Bzo 17','','2025-10-01','M','VENDIDO','',NULL,NULL,NULL,NULL);
INSERT INTO rebanho_animal VALUES(304,'Bzo 18','','2025-10-01','M','VENDIDO','',NULL,NULL,NULL,NULL);
INSERT INTO rebanho_animal VALUES(305,'Bzo 19','','2025-10-01','M','VENDIDO','',NULL,NULL,NULL,NULL);
INSERT INTO rebanho_animal VALUES(306,'Bzo 20','','2025-10-01','M','VENDIDO','',NULL,NULL,NULL,NULL);
INSERT INTO rebanho_animal VALUES(307,'Bzo 21','','2025-10-01','M','VENDIDO','',NULL,NULL,NULL,NULL);
INSERT INTO rebanho_animal VALUES(308,'Bzo 22','','2025-10-01','M','VENDIDO','',NULL,NULL,NULL,NULL);
INSERT INTO rebanho_animal VALUES(309,'Bzo 23','','2025-10-01','M','VENDIDO','',NULL,NULL,NULL,NULL);
INSERT INTO rebanho_animal VALUES(310,'Bzo 24','','2025-10-01','M','VENDIDO','',NULL,NULL,NULL,NULL);
INSERT INTO rebanho_animal VALUES(311,'Bzo 25','','2025-10-01','M','VENDIDO','',NULL,NULL,NULL,NULL);
INSERT INTO rebanho_animal VALUES(312,'Bzo 26','','2025-10-01','M','VENDIDO','',NULL,NULL,NULL,NULL);
INSERT INTO rebanho_animal VALUES(313,'Bzo 27','','2025-10-01','M','VENDIDO','',NULL,NULL,NULL,NULL);
INSERT INTO rebanho_animal VALUES(314,'Bzo 28','','2025-10-01','M','VENDIDO','',NULL,NULL,NULL,NULL);
INSERT INTO rebanho_animal VALUES(315,'Bzo 29','','2025-10-01','M','VENDIDO','',NULL,NULL,NULL,NULL);
INSERT INTO rebanho_animal VALUES(316,'Bzo 30','','2025-10-01','M','VENDIDO','',NULL,NULL,NULL,NULL);
INSERT INTO rebanho_animal VALUES(317,'Bzo 31','','2025-10-01','M','VENDIDO','',NULL,NULL,NULL,NULL);
INSERT INTO rebanho_animal VALUES(318,'Bzo 32','','2025-10-01','M','VENDIDO','',NULL,NULL,NULL,NULL);
INSERT INTO rebanho_animal VALUES(319,'Bzo 33','','2025-10-01','M','VENDIDO','',NULL,NULL,NULL,NULL);
INSERT INTO rebanho_animal VALUES(320,'Bzo 34','','2025-10-01','M','VENDIDO','',NULL,NULL,NULL,NULL);
INSERT INTO rebanho_animal VALUES(321,'Bzo 35','','2025-10-01','M','VENDIDO','',NULL,NULL,NULL,NULL);
INSERT INTO rebanho_animal VALUES(322,'Bzo 36','','2025-10-01','M','VENDIDO','',NULL,NULL,NULL,NULL);
INSERT INTO rebanho_animal VALUES(323,'Bzo 37','','2025-10-01','M','VENDIDO','',NULL,NULL,NULL,NULL);
INSERT INTO rebanho_animal VALUES(324,'Bzo 38','','2025-10-01','M','VENDIDO','',NULL,NULL,NULL,NULL);
INSERT INTO rebanho_animal VALUES(325,'Bzo 39','','2025-10-01','M','VENDIDO','',NULL,NULL,NULL,NULL);
INSERT INTO rebanho_animal VALUES(326,'Bzo 40','','2025-10-01','M','VENDIDO','',NULL,NULL,NULL,NULL);
INSERT INTO rebanho_animal VALUES(327,'Bzo 41','','2025-10-01','M','VENDIDO','',NULL,NULL,NULL,NULL);
INSERT INTO rebanho_animal VALUES(328,'Bzo 42','','2025-10-01','M','VENDIDO','',NULL,NULL,NULL,NULL);
INSERT INTO rebanho_animal VALUES(329,'Bzo 43','','2025-10-01','M','VENDIDO','',NULL,NULL,NULL,NULL);
INSERT INTO rebanho_animal VALUES(330,'Bzo 44','','2025-10-01','M','VENDIDO','',NULL,NULL,NULL,NULL);
INSERT INTO rebanho_animal VALUES(331,'Bzo 45','','2025-10-01','M','VENDIDO','',NULL,NULL,NULL,NULL);
INSERT INTO rebanho_animal VALUES(332,'Bzo 46','','2025-10-01','M','VENDIDO','',NULL,NULL,NULL,NULL);
INSERT INTO rebanho_animal VALUES(333,'Bzo 47','','2025-10-01','M','VENDIDO','',NULL,NULL,NULL,NULL);
INSERT INTO rebanho_animal VALUES(334,'Bzo 48','','2025-10-01','M','VENDIDO','',NULL,NULL,NULL,NULL);
INSERT INTO rebanho_animal VALUES(335,'Bzo 49','','2025-10-01','M','VENDIDO','',NULL,NULL,NULL,NULL);
INSERT INTO rebanho_animal VALUES(336,'Bzo 50','','2025-10-01','M','VENDIDO','',NULL,NULL,NULL,NULL);
INSERT INTO rebanho_animal VALUES(337,'Novi1','','2025-01-01','F','VIVO','Veio do pai',NULL,NULL,NULL,NULL);
INSERT INTO rebanho_animal VALUES(338,'Novi2','','2025-01-01','F','VIVO','Veio do pai',NULL,NULL,NULL,NULL);
INSERT INTO rebanho_animal VALUES(339,'Novi3','','2025-01-01','F','VIVO','Veio do pai',NULL,NULL,NULL,NULL);
INSERT INTO rebanho_animal VALUES(340,'Novi4','','2025-01-01','F','VIVO','Veio do pai',NULL,NULL,NULL,NULL);
INSERT INTO rebanho_animal VALUES(341,'Novi5','','2025-01-01','F','VIVO','Veio do pai',NULL,NULL,NULL,NULL);
INSERT INTO rebanho_animal VALUES(342,'Novi6','','2025-01-01','F','VIVO','Veio do pai',NULL,NULL,NULL,NULL);
INSERT INTO rebanho_animal VALUES(343,'Novi7','','2025-01-01','F','VIVO','Veio do pai',NULL,NULL,NULL,NULL);
INSERT INTO rebanho_animal VALUES(344,'Novi8','','2025-01-01','F','VIVO','Veio do pai',NULL,NULL,NULL,NULL);
INSERT INTO rebanho_animal VALUES(345,'Novi9','','2025-01-01','F','VIVO','Veio do pai',NULL,NULL,NULL,NULL);
INSERT INTO rebanho_animal VALUES(346,'Novi10','','2025-01-01','F','VIVO','Veio do pai',NULL,NULL,NULL,NULL);
INSERT INTO rebanho_animal VALUES(347,'Novi11','','2025-01-01','F','VIVO','Veio do pai',NULL,NULL,NULL,NULL);
INSERT INTO rebanho_animal VALUES(348,'Novi12','','2025-01-01','F','VIVO','Veio do pai',NULL,NULL,NULL,NULL);
INSERT INTO rebanho_animal VALUES(349,'Novi13','','2025-01-01','F','VIVO','Veio do pai',NULL,NULL,NULL,NULL);
INSERT INTO rebanho_animal VALUES(350,'Novi14','','2025-01-01','F','VIVO','Veio do pai',NULL,NULL,NULL,NULL);
INSERT INTO rebanho_animal VALUES(351,'Novi15','','2025-01-01','F','VIVO','Veio do pai',NULL,NULL,NULL,NULL);
INSERT INTO rebanho_animal VALUES(352,'Novi16','','2025-01-01','F','VIVO','Veio do pai',NULL,NULL,NULL,NULL);
INSERT INTO rebanho_animal VALUES(353,'Novi17','','2025-01-01','F','VIVO','Veio do pai',NULL,NULL,NULL,NULL);
INSERT INTO rebanho_animal VALUES(354,'Novi18','','2025-01-01','F','VIVO','Veio do pai',NULL,NULL,NULL,NULL);
INSERT INTO rebanho_animal VALUES(355,'Novi19','','2025-01-01','F','VIVO','Veio do pai',NULL,NULL,NULL,NULL);
INSERT INTO rebanho_animal VALUES(356,'Novi20','','2025-01-01','F','VIVO','Veio do pai',NULL,NULL,NULL,NULL);
CREATE TABLE IF NOT EXISTS "rebanho_baixaanimal" ("id" integer NOT NULL PRIMARY KEY , "data_baixa" date NOT NULL, "causa" varchar(10) NOT NULL, "observacoes" text NULL, "animal_id" bigint NOT NULL UNIQUE REFERENCES "rebanho_animal" ("id") DEFERRABLE INITIALLY DEFERRED);
INSERT INTO rebanho_baixaanimal VALUES(1,'2025-10-01','OUTRO','Desnutrição',218);
INSERT INTO rebanho_baixaanimal VALUES(2,'2026-05-16','ACIDENTE','quebrou a perna direita do trazeiro',66);
CREATE TABLE IF NOT EXISTS "rebanho_lote" ("id" integer NOT NULL PRIMARY KEY , "nome" varchar(100) NOT NULL UNIQUE, "data_entrada" date NOT NULL, "finalidade" varchar(50) NOT NULL, "pasto_atual_id" bigint NULL REFERENCES "infraestrutura_pasto" ("id") DEFERRABLE INITIALLY DEFERRED);
INSERT INTO rebanho_lote VALUES(1,'Inseminação','2026-05-23','MATRIZES',NULL);
INSERT INTO rebanho_lote VALUES(2,'Novembro','2026-05-23','MATRIZES',NULL);
INSERT INTO rebanho_lote VALUES(3,'Primiperas Novembro','2026-05-23','MATRIZES',NULL);
INSERT INTO rebanho_lote VALUES(4,'Desmama','2026-05-23','RECRIA',NULL);
INSERT INTO rebanho_lote VALUES(5,'Descarte','2026-05-23','OUTRO',NULL);
CREATE TABLE IF NOT EXISTS "infraestrutura_movimentacaopasto" ("id" integer NOT NULL PRIMARY KEY , "data_entrada" date NOT NULL, "data_saida" date NULL, "motivo" varchar(255) NULL, "animal_id" bigint NULL REFERENCES "rebanho_animal" ("id") DEFERRABLE INITIALLY DEFERRED, "pasto_destino_id" bigint NOT NULL REFERENCES "infraestrutura_pasto" ("id") DEFERRABLE INITIALLY DEFERRED, "pasto_origem_id" bigint NULL REFERENCES "infraestrutura_pasto" ("id") DEFERRABLE INITIALLY DEFERRED);
CREATE TABLE IF NOT EXISTS "django_session" ("session_key" varchar(40) NOT NULL PRIMARY KEY, "session_data" text NOT NULL, "expire_date" timestamp NOT NULL);
INSERT INTO django_session VALUES('m1r8tja33b5ogfmlviaykd1y17layrxx','.eJxVjDsOwjAQBe_iGlnyGuwsJT1nsPZnHECJlE-FuDtESgHtm5n3coXWpZV1tqn06s4uuMPvxiQPGzagdxpuo5dxWKae_ab4nc7-Oqo9L7v7d9Bobt-6pqAgVGNOlk8VhUE74w6TKSBTqDFWgGNWg4QYJEtiCIYUMlMn7v0BBEw4pQ:1wQt2m:5xDkPHLQ9D6jKi2ceEOSjVnWetaPRfWA-Pm2uRLIpCw','2026-06-06 20:34:00.657082');
INSERT INTO django_session VALUES('wrlesxzune6ulo9m819o4bd85oql52in','.eJxVjDsOwjAQBe_iGlnyGuwsJT1nsPZnHECJlE-FuDtESgHtm5n3coXWpZV1tqn06s4uuMPvxiQPGzagdxpuo5dxWKae_ab4nc7-Oqo9L7v7d9Bobt-6pqAgVGNOlk8VhUE74w6TKSBTqDFWgGNWg4QYJEtiCIYUMlMn7v0BBEw4pQ:1wWBQG:UI2BBjCJg5Ny_at3r5iOk0UpHdXCrD8qot6OzO_t07A','2026-06-21 11:12:08.648818');
INSERT INTO django_session VALUES('4i24eznk7g6277gzanjz9fm37qim93xy','.eJxVjDsOwjAQBe_iGlnyGuwsJT1nsPZnHECJlE-FuDtESgHtm5n3coXWpZV1tqn06s4uuMPvxiQPGzagdxpuo5dxWKae_ab4nc7-Oqo9L7v7d9Bobt-6pqAgVGNOlk8VhUE74w6TKSBTqDFWgGNWg4QYJEtiCIYUMlMn7v0BBEw4pQ:1wX4Y8:G7QxhcE7zFD0gICaLUmVZ0ZcJLsoBgeHcI9A-lHXyV4','2026-06-23 22:03:56.993792');
CREATE TABLE IF NOT EXISTS "financeiro_categoriadespesa" ("id" integer NOT NULL PRIMARY KEY , "nome" varchar(100) NOT NULL UNIQUE);
INSERT INTO financeiro_categoriadespesa VALUES(1,'Manutencao');
INSERT INTO financeiro_categoriadespesa VALUES(2,'Manutencao do carro');
INSERT INTO financeiro_categoriadespesa VALUES(3,'Procedimento IATF');
INSERT INTO financeiro_categoriadespesa VALUES(4,'Imposto');
INSERT INTO financeiro_categoriadespesa VALUES(5,'Pastagem');
INSERT INTO financeiro_categoriadespesa VALUES(7,'Escritorio');
INSERT INTO financeiro_categoriadespesa VALUES(8,'Medicamentos');
INSERT INTO financeiro_categoriadespesa VALUES(9,'Suplementacao');
INSERT INTO financeiro_categoriadespesa VALUES(10,'Investimento');
INSERT INTO financeiro_categoriadespesa VALUES(11,'Compra mercado livre');
INSERT INTO financeiro_categoriadespesa VALUES(12,'Combustivel');
CREATE TABLE IF NOT EXISTS "financeiro_categoriareceita" ("id" integer NOT NULL PRIMARY KEY , "nome" varchar(100) NOT NULL UNIQUE);
CREATE TABLE IF NOT EXISTS "financeiro_fluxosaida" ("id" integer NOT NULL PRIMARY KEY , "data_pagamento" date NOT NULL, "descricao" varchar(255) NOT NULL, "valor_total" decimal NOT NULL, "tipo_saida" varchar(15) NOT NULL, "observacoes" text NULL);
INSERT INTO financeiro_fluxosaida VALUES(1,'2026-01-15','cerca do fundo',2002,'DESPESA',NULL);
INSERT INTO financeiro_fluxosaida VALUES(2,'2026-01-15','[DESP. Manutencao] cerca do fundo',2002,'REGISTRO_CUSTO',NULL);
INSERT INTO financeiro_fluxosaida VALUES(3,'2026-01-15','cerca da remanga',352,'DESPESA',NULL);
INSERT INTO financeiro_fluxosaida VALUES(4,'2026-01-15','[DESP. Manutencao] cerca da remanga',352,'REGISTRO_CUSTO',NULL);
INSERT INTO financeiro_fluxosaida VALUES(5,'2026-01-15','cerca da beira da estrada',3080,'DESPESA',NULL);
INSERT INTO financeiro_fluxosaida VALUES(6,'2026-01-15','[DESP. Manutencao] cerca da beira da estrada',3080,'REGISTRO_CUSTO',NULL);
INSERT INTO financeiro_fluxosaida VALUES(7,'2026-01-26','manutencao carro strada pru4g94',1780,'DESPESA',NULL);
INSERT INTO financeiro_fluxosaida VALUES(8,'2026-01-26','[DESP. Manutencao do carro] manutencao carro strada pru4g94',1780,'REGISTRO_CUSTO',NULL);
INSERT INTO financeiro_fluxosaida VALUES(9,'2026-01-13','IATF estacao de monta 25/26',8854.39999999999963,'DESPESA',NULL);
INSERT INTO financeiro_fluxosaida VALUES(10,'2026-01-13','[DESP. Procedimento IATF] IATF estacao de monta 25/26',8854.39999999999963,'REGISTRO_CUSTO',NULL);
INSERT INTO financeiro_fluxosaida VALUES(11,'2026-02-10','IPVA',2514.23999999999978,'DESPESA',NULL);
INSERT INTO financeiro_fluxosaida VALUES(12,'2026-02-10','[DESP. Imposto] IPVA',2514.23999999999978,'REGISTRO_CUSTO',NULL);
INSERT INTO financeiro_fluxosaida VALUES(13,'2026-02-09','pneus para strada pru4g94',2432,'DESPESA',NULL);
INSERT INTO financeiro_fluxosaida VALUES(14,'2026-02-09','[DESP. Manutencao do carro] pneus para strada pru4g94',2432,'REGISTRO_CUSTO',NULL);
INSERT INTO financeiro_fluxosaida VALUES(15,'2026-02-20','Starlink mini',1250,'DESPESA',NULL);
INSERT INTO financeiro_fluxosaida VALUES(16,'2026-02-20','[DESP. Escritorio] Starlink mini',1250,'REGISTRO_CUSTO',NULL);
INSERT INTO financeiro_fluxosaida VALUES(17,'2026-03-06','Proteinado pastomax 20 sm',6299,'DESPESA',NULL);
INSERT INTO financeiro_fluxosaida VALUES(18,'2026-03-06','[DESP. Suplementacao] Proteinado pastomax 20 sm',6299,'REGISTRO_CUSTO',NULL);
INSERT INTO financeiro_fluxosaida VALUES(19,'2026-03-17','IATF ultima estacao de monta 25/26',2447,'DESPESA',NULL);
INSERT INTO financeiro_fluxosaida VALUES(20,'2026-03-17','[DESP. Procedimento IATF] IATF ultima estacao de monta 25/26',2447,'REGISTRO_CUSTO',NULL);
INSERT INTO financeiro_fluxosaida VALUES(21,'2026-03-17','base para starlink gen3',430,'DESPESA',NULL);
INSERT INTO financeiro_fluxosaida VALUES(22,'2026-03-17','[DESP. Investimento] base para starlink gen3',430,'REGISTRO_CUSTO',NULL);
INSERT INTO financeiro_fluxosaida VALUES(23,'2026-03-23','232 implantes e 32 semem procedimento 25/26',5280,'DESPESA',NULL);
INSERT INTO financeiro_fluxosaida VALUES(24,'2026-03-23','[DESP. Procedimento IATF] 232 implantes e 32 semem procedimento 25/26',5280,'REGISTRO_CUSTO',NULL);
INSERT INTO financeiro_fluxosaida VALUES(25,'2026-03-23','compra mercado livre ate 23 março 2026',1284,'DESPESA',NULL);
INSERT INTO financeiro_fluxosaida VALUES(26,'2026-03-23','[DESP. Compra mercado livre] compra mercado livre ate 23 março 2026',1284,'REGISTRO_CUSTO',NULL);
INSERT INTO financeiro_fluxosaida VALUES(27,'2026-03-28','reforma de cerca',2850,'DESPESA',NULL);
INSERT INTO financeiro_fluxosaida VALUES(28,'2026-03-28','[DESP. Manutencao] reforma de cerca',2850,'REGISTRO_CUSTO',NULL);
INSERT INTO financeiro_fluxosaida VALUES(29,'2026-04-01','combustivel carro',156.379999999999995,'DESPESA',NULL);
INSERT INTO financeiro_fluxosaida VALUES(30,'2026-04-01','[DESP. Combustivel] combustivel carro',156.379999999999995,'REGISTRO_CUSTO',NULL);
INSERT INTO financeiro_fluxosaida VALUES(31,'2026-04-02','item de casa para manutencao chuveiro, lampada, tomada',451,'DESPESA',NULL);
INSERT INTO financeiro_fluxosaida VALUES(32,'2026-04-02','[DESP. Manutencao] item de casa para manutencao chuveiro, lampada, tomada',451,'REGISTRO_CUSTO',NULL);
INSERT INTO financeiro_fluxosaida VALUES(33,'2026-03-23','combustivel carro',140.639999999999986,'DESPESA',NULL);
INSERT INTO financeiro_fluxosaida VALUES(34,'2026-03-23','[DESP. Manutencao do carro] combustivel carro',140.639999999999986,'REGISTRO_CUSTO',NULL);
INSERT INTO financeiro_fluxosaida VALUES(35,'2026-04-06','tinta',416,'DESPESA',NULL);
INSERT INTO financeiro_fluxosaida VALUES(36,'2026-04-06','[DESP. Manutencao] tinta',416,'REGISTRO_CUSTO',NULL);
INSERT INTO financeiro_fluxosaida VALUES(37,'2026-03-31','combustivel carro',166.25,'DESPESA',NULL);
INSERT INTO financeiro_fluxosaida VALUES(38,'2026-03-31','[DESP. Manutencao do carro] combustivel carro',166.25,'REGISTRO_CUSTO',NULL);
INSERT INTO financeiro_fluxosaida VALUES(39,'2026-04-13','Sal 60sc Prime + 100 Nitro AD100',19879.9700000000011,'DESPESA',NULL);
INSERT INTO financeiro_fluxosaida VALUES(40,'2026-04-13','[DESP. Suplementacao] Sal 60sc Prime + 100 Nitro AD100',19879.9700000000011,'REGISTRO_CUSTO',NULL);
INSERT INTO financeiro_fluxosaida VALUES(41,'2026-04-13','Diversos Combustivel',2661.17999999999983,'DESPESA',NULL);
INSERT INTO financeiro_fluxosaida VALUES(42,'2026-04-13','[DESP. Combustivel] Diversos Combustivel',2661.17999999999983,'REGISTRO_CUSTO',NULL);
INSERT INTO financeiro_fluxosaida VALUES(43,'2026-04-13','Strada Gasolina',243.870000000000004,'DESPESA',NULL);
INSERT INTO financeiro_fluxosaida VALUES(44,'2026-04-13','[DESP. Combustivel] Strada Gasolina',243.870000000000004,'REGISTRO_CUSTO',NULL);
INSERT INTO financeiro_fluxosaida VALUES(45,'2026-04-19','Rainha da paz nota 25282 gasolina',245.00999999999999,'DESPESA',NULL);
INSERT INTO financeiro_fluxosaida VALUES(46,'2026-04-19','[DESP. Combustivel] Rainha da paz nota 25282 gasolina',245.00999999999999,'REGISTRO_CUSTO',NULL);
INSERT INTO financeiro_fluxosaida VALUES(47,'2026-05-15','copia de interio teor',67.9500000000000028,'DESPESA',NULL);
INSERT INTO financeiro_fluxosaida VALUES(48,'2026-05-15','[DESP. Escritorio] copia de interio teor',67.9500000000000028,'REGISTRO_CUSTO',NULL);
INSERT INTO financeiro_fluxosaida VALUES(49,'2026-05-15','Rainha da paz nota 25570 alcool',200,'DESPESA',NULL);
INSERT INTO financeiro_fluxosaida VALUES(50,'2026-05-15','[DESP. Combustivel] Rainha da paz nota 25570 alcool',200,'REGISTRO_CUSTO',NULL);
INSERT INTO financeiro_fluxosaida VALUES(51,'2026-05-18','agua primeira parcela sistema de poco enercia solar',7000,'DESPESA','entrada para o investimento do poço');
INSERT INTO financeiro_fluxosaida VALUES(52,'2026-05-18','[DESP. Investimento] agua primeira parcela sistema de poco enercia solar',7000,'REGISTRO_CUSTO',NULL);
INSERT INTO financeiro_fluxosaida VALUES(53,'2026-06-07','semem QLT TXT',7770,'DESPESA','350 doses');
INSERT INTO financeiro_fluxosaida VALUES(54,'2026-06-07','[DESP. Procedimento IATF] semem QLT TXT',7770,'REGISTRO_CUSTO',NULL);
INSERT INTO financeiro_fluxosaida VALUES(55,'2026-06-11','agua seguanda parcela do sistema de bomba solar',8000,'DESPESA','so sistema solar e a bomba');
INSERT INTO financeiro_fluxosaida VALUES(56,'2026-06-11','[DESP. Investimento] agua seguanda parcela do sistema de bomba solar',8000,'REGISTRO_CUSTO',NULL);
INSERT INTO financeiro_fluxosaida VALUES(57,'2026-06-13','combustivel',949.720000000000027,'DESPESA','');
INSERT INTO financeiro_fluxosaida VALUES(58,'2026-06-13','[DESP. Combustivel] combustivel',949.720000000000027,'REGISTRO_CUSTO',NULL);
INSERT INTO financeiro_fluxosaida VALUES(59,'2026-06-20','suplemento proteinado 30',4000,'DESPESA','agro amazonia');
INSERT INTO financeiro_fluxosaida VALUES(60,'2026-06-20','[DESP. Suplementacao] suplemento proteinado 30',4000,'REGISTRO_CUSTO',NULL);
INSERT INTO financeiro_fluxosaida VALUES(61,'2026-06-20','top line fazer combate da mosquinha',1440,'DESPESA','');
INSERT INTO financeiro_fluxosaida VALUES(62,'2026-06-20','[DESP. Medicamentos] top line fazer combate da mosquinha',1440,'REGISTRO_CUSTO',NULL);
INSERT INTO financeiro_fluxosaida VALUES(63,'2026-06-17','combustivel gasolina',190,'DESPESA','');
INSERT INTO financeiro_fluxosaida VALUES(64,'2026-06-17','[DESP. Combustivel] combustivel gasolina',190,'REGISTRO_CUSTO',NULL);
INSERT INTO financeiro_fluxosaida VALUES(65,'2026-06-23','suplementacao proteinado 30% cria bem',16740,'DESPESA','');
INSERT INTO financeiro_fluxosaida VALUES(66,'2026-06-23','[DESP. Suplementacao] suplementacao proteinado 30% cria bem',16740,'REGISTRO_CUSTO',NULL);
CREATE TABLE IF NOT EXISTS "financeiro_fluxoentrada" ("id" integer NOT NULL PRIMARY KEY , "data_entrada" date NOT NULL, "descricao" varchar(255) NOT NULL, "valor_total" decimal NOT NULL, "origem_pagador" varchar(255) NOT NULL, "tipo_entrada" varchar(15) NOT NULL, "observacoes" text NULL);
INSERT INTO financeiro_fluxoentrada VALUES(1,'2026-02-04','Venda de 3',4113.11999999999989,'frigovip','VENDA_ANIMAL',NULL);
INSERT INTO financeiro_fluxoentrada VALUES(2,'2026-02-04','Venda de 22',4113.11999999999989,'frigovip','VENDA_ANIMAL',NULL);
INSERT INTO financeiro_fluxoentrada VALUES(3,'2026-02-04','Venda de 28',4113.11999999999989,'frigovip','VENDA_ANIMAL',NULL);
INSERT INTO financeiro_fluxoentrada VALUES(4,'2026-02-04','Venda de 29',4113.11999999999989,'frigovip','VENDA_ANIMAL',NULL);
INSERT INTO financeiro_fluxoentrada VALUES(5,'2026-02-04','Venda de 33',4113.11999999999989,'frigovip','VENDA_ANIMAL',NULL);
INSERT INTO financeiro_fluxoentrada VALUES(6,'2026-02-04','Venda de 51',4113.11999999999989,'frigovip','VENDA_ANIMAL',NULL);
INSERT INTO financeiro_fluxoentrada VALUES(7,'2026-02-04','Venda de 52',4113.11999999999989,'frigovip','VENDA_ANIMAL',NULL);
INSERT INTO financeiro_fluxoentrada VALUES(8,'2026-02-04','Venda de 55',4113.11999999999989,'frigovip','VENDA_ANIMAL',NULL);
INSERT INTO financeiro_fluxoentrada VALUES(9,'2026-02-04','Venda de 78',4113.11999999999989,'frigovip','VENDA_ANIMAL',NULL);
INSERT INTO financeiro_fluxoentrada VALUES(10,'2026-02-04','Venda de 81',4113.11999999999989,'frigovip','VENDA_ANIMAL',NULL);
INSERT INTO financeiro_fluxoentrada VALUES(11,'2026-02-04','Venda de 83',4113.11999999999989,'frigovip','VENDA_ANIMAL',NULL);
INSERT INTO financeiro_fluxoentrada VALUES(12,'2026-02-04','Venda de sb',4113.11999999999989,'frigovip','VENDA_ANIMAL',NULL);
INSERT INTO financeiro_fluxoentrada VALUES(13,'2026-02-04','Venda de 106',4113.11999999999989,'frigovip','VENDA_ANIMAL',NULL);
INSERT INTO financeiro_fluxoentrada VALUES(14,'2026-02-04','Venda de 109',4113.11999999999989,'frigovip','VENDA_ANIMAL',NULL);
INSERT INTO financeiro_fluxoentrada VALUES(15,'2026-02-04','Venda de 131',4113.11999999999989,'frigovip','VENDA_ANIMAL',NULL);
INSERT INTO financeiro_fluxoentrada VALUES(16,'2026-02-04','Venda de 132',4113.11999999999989,'frigovip','VENDA_ANIMAL',NULL);
INSERT INTO financeiro_fluxoentrada VALUES(17,'2026-02-04','Venda de 157',4113.11999999999989,'frigovip','VENDA_ANIMAL',NULL);
INSERT INTO financeiro_fluxoentrada VALUES(18,'2026-02-04','Venda de 159',4113.11999999999989,'frigovip','VENDA_ANIMAL',NULL);
INSERT INTO financeiro_fluxoentrada VALUES(19,'2026-02-04','Venda de 173',4113.11999999999989,'frigovip','VENDA_ANIMAL',NULL);
INSERT INTO financeiro_fluxoentrada VALUES(20,'2026-02-04','Venda de 186',4113.11999999999989,'frigovip','VENDA_ANIMAL',NULL);
INSERT INTO financeiro_fluxoentrada VALUES(21,'2026-02-04','Venda de 187',4113.11999999999989,'frigovip','VENDA_ANIMAL',NULL);
INSERT INTO financeiro_fluxoentrada VALUES(22,'2026-02-04','Venda de 218',4113.11999999999989,'frigovip','VENDA_ANIMAL',NULL);
INSERT INTO financeiro_fluxoentrada VALUES(23,'2026-02-04','Venda de 230',4113.11999999999989,'frigovip','VENDA_ANIMAL',NULL);
INSERT INTO financeiro_fluxoentrada VALUES(24,'2026-02-04','Venda de 246',4113.11999999999989,'frigovip','VENDA_ANIMAL',NULL);
INSERT INTO financeiro_fluxoentrada VALUES(25,'2026-02-04','Venda de 256',4113.11999999999989,'frigovip','VENDA_ANIMAL',NULL);
INSERT INTO financeiro_fluxoentrada VALUES(26,'2026-05-07','Venda de Bzo 1',3000,'JP agronegocios','VENDA_ANIMAL','Olimpio');
INSERT INTO financeiro_fluxoentrada VALUES(27,'2026-05-07','Venda de Bzo 2',3000,'JP agronegocios','VENDA_ANIMAL','Olimpio');
INSERT INTO financeiro_fluxoentrada VALUES(28,'2026-05-07','Venda de Bzo 3',3000,'JP agronegocios','VENDA_ANIMAL','Olimpio');
INSERT INTO financeiro_fluxoentrada VALUES(29,'2026-05-07','Venda de Bzo 4',3000,'JP agronegocios','VENDA_ANIMAL','Olimpio');
INSERT INTO financeiro_fluxoentrada VALUES(30,'2026-05-07','Venda de Bzo 5',3000,'JP agronegocios','VENDA_ANIMAL','Olimpio');
INSERT INTO financeiro_fluxoentrada VALUES(31,'2026-05-07','Venda de Bzo 6',3000,'JP agronegocios','VENDA_ANIMAL','Olimpio');
INSERT INTO financeiro_fluxoentrada VALUES(32,'2026-05-07','Venda de Bzo 7',3000,'JP agronegocios','VENDA_ANIMAL','Olimpio');
INSERT INTO financeiro_fluxoentrada VALUES(33,'2026-05-07','Venda de Bzo 8',3000,'JP agronegocios','VENDA_ANIMAL','Olimpio');
INSERT INTO financeiro_fluxoentrada VALUES(34,'2026-05-07','Venda de Bzo 9',3000,'JP agronegocios','VENDA_ANIMAL','Olimpio');
INSERT INTO financeiro_fluxoentrada VALUES(35,'2026-05-07','Venda de Bzo 10',3000,'JP agronegocios','VENDA_ANIMAL','Olimpio');
INSERT INTO financeiro_fluxoentrada VALUES(36,'2026-05-07','Venda de Bzo 11',3000,'JP agronegocios','VENDA_ANIMAL','Olimpio');
INSERT INTO financeiro_fluxoentrada VALUES(37,'2026-05-07','Venda de Bzo 12',3000,'JP agronegocios','VENDA_ANIMAL','Olimpio');
INSERT INTO financeiro_fluxoentrada VALUES(38,'2026-05-07','Venda de Bzo 13',3000,'JP agronegocios','VENDA_ANIMAL','Olimpio');
INSERT INTO financeiro_fluxoentrada VALUES(39,'2026-05-07','Venda de Bzo 14',3000,'JP agronegocios','VENDA_ANIMAL','Olimpio');
INSERT INTO financeiro_fluxoentrada VALUES(40,'2026-05-07','Venda de Bzo 15',3000,'JP agronegocios','VENDA_ANIMAL','Olimpio');
INSERT INTO financeiro_fluxoentrada VALUES(41,'2026-05-07','Venda de Bzo 16',3000,'JP agronegocios','VENDA_ANIMAL','Olimpio');
INSERT INTO financeiro_fluxoentrada VALUES(42,'2026-05-07','Venda de Bzo 17',3000,'JP agronegocios','VENDA_ANIMAL','Olimpio');
INSERT INTO financeiro_fluxoentrada VALUES(43,'2026-05-07','Venda de Bzo 18',3000,'JP agronegocios','VENDA_ANIMAL','Olimpio');
INSERT INTO financeiro_fluxoentrada VALUES(44,'2026-05-07','Venda de Bzo 19',3000,'JP agronegocios','VENDA_ANIMAL','Olimpio');
INSERT INTO financeiro_fluxoentrada VALUES(45,'2026-05-07','Venda de Bzo 20',3000,'JP agronegocios','VENDA_ANIMAL','Olimpio');
INSERT INTO financeiro_fluxoentrada VALUES(46,'2026-05-07','Venda de Bzo 21',3000,'JP agronegocios','VENDA_ANIMAL','Olimpio');
INSERT INTO financeiro_fluxoentrada VALUES(47,'2026-05-07','Venda de Bzo 22',3000,'JP agronegocios','VENDA_ANIMAL','Olimpio');
INSERT INTO financeiro_fluxoentrada VALUES(48,'2026-05-07','Venda de Bzo 23',3000,'JP agronegocios','VENDA_ANIMAL','Olimpio');
INSERT INTO financeiro_fluxoentrada VALUES(49,'2026-05-07','Venda de Bzo 24',3000,'JP agronegocios','VENDA_ANIMAL','Olimpio');
INSERT INTO financeiro_fluxoentrada VALUES(50,'2026-05-07','Venda de Bzo 25',3000,'JP agronegocios','VENDA_ANIMAL','Olimpio');
INSERT INTO financeiro_fluxoentrada VALUES(51,'2026-05-07','Venda de Bzo 26',3000,'JP agronegocios','VENDA_ANIMAL','Olimpio');
INSERT INTO financeiro_fluxoentrada VALUES(52,'2026-05-07','Venda de Bzo 27',3000,'JP agronegocios','VENDA_ANIMAL','Olimpio');
INSERT INTO financeiro_fluxoentrada VALUES(53,'2026-05-07','Venda de Bzo 28',3000,'JP agronegocios','VENDA_ANIMAL','Olimpio');
INSERT INTO financeiro_fluxoentrada VALUES(54,'2026-05-07','Venda de Bzo 29',3000,'JP agronegocios','VENDA_ANIMAL','Olimpio');
INSERT INTO financeiro_fluxoentrada VALUES(55,'2026-05-07','Venda de Bzo 30',3000,'JP agronegocios','VENDA_ANIMAL','Olimpio');
INSERT INTO financeiro_fluxoentrada VALUES(56,'2026-05-07','Venda de Bzo 31',3000,'JP agronegocios','VENDA_ANIMAL','Olimpio');
INSERT INTO financeiro_fluxoentrada VALUES(57,'2026-05-07','Venda de Bzo 32',3000,'JP agronegocios','VENDA_ANIMAL','Olimpio');
INSERT INTO financeiro_fluxoentrada VALUES(58,'2026-05-07','Venda de Bzo 33',3000,'JP agronegocios','VENDA_ANIMAL','Olimpio');
INSERT INTO financeiro_fluxoentrada VALUES(59,'2026-05-07','Venda de Bzo 34',3000,'JP agronegocios','VENDA_ANIMAL','Olimpio');
INSERT INTO financeiro_fluxoentrada VALUES(60,'2026-05-07','Venda de Bzo 35',3000,'JP agronegocios','VENDA_ANIMAL','Olimpio');
INSERT INTO financeiro_fluxoentrada VALUES(61,'2026-05-07','Venda de Bzo 36',3000,'JP agronegocios','VENDA_ANIMAL','Olimpio');
INSERT INTO financeiro_fluxoentrada VALUES(62,'2026-05-07','Venda de Bzo 37',3000,'JP agronegocios','VENDA_ANIMAL','Olimpio');
INSERT INTO financeiro_fluxoentrada VALUES(63,'2026-05-07','Venda de Bzo 38',3000,'JP agronegocios','VENDA_ANIMAL','Olimpio');
INSERT INTO financeiro_fluxoentrada VALUES(64,'2026-05-07','Venda de Bzo 39',3000,'JP agronegocios','VENDA_ANIMAL','Olimpio');
INSERT INTO financeiro_fluxoentrada VALUES(65,'2026-05-07','Venda de Bzo 40',3000,'JP agronegocios','VENDA_ANIMAL','Olimpio');
INSERT INTO financeiro_fluxoentrada VALUES(66,'2026-05-07','Venda de Bzo 41',3000,'JP agronegocios','VENDA_ANIMAL','Olimpio');
INSERT INTO financeiro_fluxoentrada VALUES(67,'2026-05-07','Venda de Bzo 42',3000,'JP agronegocios','VENDA_ANIMAL','Olimpio');
INSERT INTO financeiro_fluxoentrada VALUES(68,'2026-05-07','Venda de Bzo 43',3000,'JP agronegocios','VENDA_ANIMAL','Olimpio');
INSERT INTO financeiro_fluxoentrada VALUES(69,'2026-05-07','Venda de Bzo 44',3000,'JP agronegocios','VENDA_ANIMAL','Olimpio');
INSERT INTO financeiro_fluxoentrada VALUES(70,'2026-05-07','Venda de Bzo 45',3000,'JP agronegocios','VENDA_ANIMAL','Olimpio');
INSERT INTO financeiro_fluxoentrada VALUES(71,'2026-05-07','Venda de Bzo 46',3000,'JP agronegocios','VENDA_ANIMAL','Olimpio');
INSERT INTO financeiro_fluxoentrada VALUES(72,'2026-05-07','Venda de Bzo 47',3000,'JP agronegocios','VENDA_ANIMAL','Olimpio');
INSERT INTO financeiro_fluxoentrada VALUES(73,'2026-05-07','Venda de Bzo 48',3000,'JP agronegocios','VENDA_ANIMAL','Olimpio');
INSERT INTO financeiro_fluxoentrada VALUES(74,'2026-05-07','Venda de Bzo 49',3000,'JP agronegocios','VENDA_ANIMAL','Olimpio');
INSERT INTO financeiro_fluxoentrada VALUES(75,'2026-05-07','Venda de Bzo 50',3000,'JP agronegocios','VENDA_ANIMAL','Olimpio');
CREATE TABLE IF NOT EXISTS "financeiro_tipocusto" ("id" integer NOT NULL PRIMARY KEY , "nome" varchar(100) NOT NULL UNIQUE, "descricao" text NULL);
INSERT INTO financeiro_tipocusto VALUES(1,'Manutencao','Gerado automaticamente pela Despesa Manutencao');
INSERT INTO financeiro_tipocusto VALUES(2,'Manutencao do carro','Gerado automaticamente pela Despesa Manutencao do carro');
INSERT INTO financeiro_tipocusto VALUES(3,'Procedimento IATF','Gerado automaticamente pela Despesa Procedimento IATF');
INSERT INTO financeiro_tipocusto VALUES(4,'Imposto','Gerado automaticamente pela Despesa Imposto');
INSERT INTO financeiro_tipocusto VALUES(5,'Escritorio','Gerado automaticamente pela Despesa Escritorio');
INSERT INTO financeiro_tipocusto VALUES(6,'Suplementacao','Gerado automaticamente pela Despesa Suplementacao');
INSERT INTO financeiro_tipocusto VALUES(7,'Investimento','Gerado automaticamente pela Despesa Investimento');
INSERT INTO financeiro_tipocusto VALUES(8,'Compra mercado livre','Gerado automaticamente pela Despesa Compra mercado livre');
INSERT INTO financeiro_tipocusto VALUES(9,'Combustivel','Gerado automaticamente pela Despesa Combustivel');
INSERT INTO financeiro_tipocusto VALUES(10,'Medicamentos','Gerado automaticamente pela Despesa Medicamentos');
CREATE TABLE IF NOT EXISTS "financeiro_registrodecusto" ("fluxosaida_ptr_id" bigint NOT NULL PRIMARY KEY REFERENCES "financeiro_fluxosaida" ("id") DEFERRABLE INITIALLY DEFERRED, "quantidade" decimal NOT NULL, "animal_id" bigint NULL REFERENCES "rebanho_animal" ("id") DEFERRABLE INITIALLY DEFERRED, "pasto_id" bigint NULL REFERENCES "infraestrutura_pasto" ("id") DEFERRABLE INITIALLY DEFERRED, "tipo_custo_id" bigint NOT NULL REFERENCES "financeiro_tipocusto" ("id") DEFERRABLE INITIALLY DEFERRED);
INSERT INTO financeiro_registrodecusto VALUES(2,1,NULL,NULL,1);
INSERT INTO financeiro_registrodecusto VALUES(4,1,NULL,NULL,1);
INSERT INTO financeiro_registrodecusto VALUES(6,1,NULL,NULL,1);
INSERT INTO financeiro_registrodecusto VALUES(8,1,NULL,NULL,2);
INSERT INTO financeiro_registrodecusto VALUES(10,1,NULL,NULL,3);
INSERT INTO financeiro_registrodecusto VALUES(12,1,NULL,NULL,4);
INSERT INTO financeiro_registrodecusto VALUES(14,1,NULL,NULL,2);
INSERT INTO financeiro_registrodecusto VALUES(16,1,NULL,NULL,5);
INSERT INTO financeiro_registrodecusto VALUES(18,1,NULL,NULL,6);
INSERT INTO financeiro_registrodecusto VALUES(20,1,NULL,NULL,3);
INSERT INTO financeiro_registrodecusto VALUES(22,1,NULL,NULL,7);
INSERT INTO financeiro_registrodecusto VALUES(24,1,NULL,NULL,3);
INSERT INTO financeiro_registrodecusto VALUES(26,1,NULL,NULL,8);
INSERT INTO financeiro_registrodecusto VALUES(28,1,NULL,NULL,1);
INSERT INTO financeiro_registrodecusto VALUES(30,1,NULL,NULL,9);
INSERT INTO financeiro_registrodecusto VALUES(32,1,NULL,NULL,1);
INSERT INTO financeiro_registrodecusto VALUES(34,1,NULL,NULL,2);
INSERT INTO financeiro_registrodecusto VALUES(36,1,NULL,NULL,1);
INSERT INTO financeiro_registrodecusto VALUES(38,1,NULL,NULL,2);
INSERT INTO financeiro_registrodecusto VALUES(40,1,NULL,NULL,6);
INSERT INTO financeiro_registrodecusto VALUES(42,1,NULL,NULL,9);
INSERT INTO financeiro_registrodecusto VALUES(44,1,NULL,NULL,9);
INSERT INTO financeiro_registrodecusto VALUES(46,1,NULL,NULL,9);
INSERT INTO financeiro_registrodecusto VALUES(48,1,NULL,NULL,5);
INSERT INTO financeiro_registrodecusto VALUES(50,1,NULL,NULL,9);
INSERT INTO financeiro_registrodecusto VALUES(52,1,NULL,NULL,7);
INSERT INTO financeiro_registrodecusto VALUES(54,1,NULL,NULL,3);
INSERT INTO financeiro_registrodecusto VALUES(56,1,NULL,NULL,7);
INSERT INTO financeiro_registrodecusto VALUES(58,1,NULL,NULL,9);
INSERT INTO financeiro_registrodecusto VALUES(60,1,NULL,NULL,6);
INSERT INTO financeiro_registrodecusto VALUES(62,1,NULL,NULL,10);
INSERT INTO financeiro_registrodecusto VALUES(64,1,NULL,NULL,9);
INSERT INTO financeiro_registrodecusto VALUES(66,1,NULL,NULL,6);
CREATE TABLE IF NOT EXISTS "financeiro_despesa" ("fluxosaida_ptr_id" bigint NOT NULL PRIMARY KEY REFERENCES "financeiro_fluxosaida" ("id") DEFERRABLE INITIALLY DEFERRED, "tipo" varchar(10) NOT NULL, "categoria_id" bigint NOT NULL REFERENCES "financeiro_categoriadespesa" ("id") DEFERRABLE INITIALLY DEFERRED, "registro_de_custo_id" bigint NULL UNIQUE REFERENCES "financeiro_registrodecusto" ("fluxosaida_ptr_id") DEFERRABLE INITIALLY DEFERRED);
INSERT INTO financeiro_despesa VALUES(1,'VARIAVEL',1,2);
INSERT INTO financeiro_despesa VALUES(3,'VARIAVEL',1,4);
INSERT INTO financeiro_despesa VALUES(5,'VARIAVEL',1,6);
INSERT INTO financeiro_despesa VALUES(7,'VARIAVEL',2,8);
INSERT INTO financeiro_despesa VALUES(9,'VARIAVEL',3,10);
INSERT INTO financeiro_despesa VALUES(11,'VARIAVEL',4,12);
INSERT INTO financeiro_despesa VALUES(13,'VARIAVEL',2,14);
INSERT INTO financeiro_despesa VALUES(15,'VARIAVEL',7,16);
INSERT INTO financeiro_despesa VALUES(17,'VARIAVEL',9,18);
INSERT INTO financeiro_despesa VALUES(19,'VARIAVEL',3,20);
INSERT INTO financeiro_despesa VALUES(21,'VARIAVEL',10,22);
INSERT INTO financeiro_despesa VALUES(23,'VARIAVEL',3,24);
INSERT INTO financeiro_despesa VALUES(25,'VARIAVEL',11,26);
INSERT INTO financeiro_despesa VALUES(27,'VARIAVEL',1,28);
INSERT INTO financeiro_despesa VALUES(29,'VARIAVEL',12,30);
INSERT INTO financeiro_despesa VALUES(31,'VARIAVEL',1,32);
INSERT INTO financeiro_despesa VALUES(33,'VARIAVEL',2,34);
INSERT INTO financeiro_despesa VALUES(35,'VARIAVEL',1,36);
INSERT INTO financeiro_despesa VALUES(37,'VARIAVEL',2,38);
INSERT INTO financeiro_despesa VALUES(39,'VARIAVEL',9,40);
INSERT INTO financeiro_despesa VALUES(41,'VARIAVEL',12,42);
INSERT INTO financeiro_despesa VALUES(43,'VARIAVEL',12,44);
INSERT INTO financeiro_despesa VALUES(45,'VARIAVEL',12,46);
INSERT INTO financeiro_despesa VALUES(47,'VARIAVEL',7,48);
INSERT INTO financeiro_despesa VALUES(49,'VARIAVEL',12,50);
INSERT INTO financeiro_despesa VALUES(51,'VARIAVEL',10,52);
INSERT INTO financeiro_despesa VALUES(53,'VARIAVEL',3,54);
INSERT INTO financeiro_despesa VALUES(55,'VARIAVEL',10,56);
INSERT INTO financeiro_despesa VALUES(57,'VARIAVEL',12,58);
INSERT INTO financeiro_despesa VALUES(59,'VARIAVEL',9,60);
INSERT INTO financeiro_despesa VALUES(61,'VARIAVEL',8,62);
INSERT INTO financeiro_despesa VALUES(63,'VARIAVEL',12,64);
INSERT INTO financeiro_despesa VALUES(65,'VARIAVEL',9,66);
CREATE TABLE IF NOT EXISTS "financeiro_receitageral" ("fluxoentrada_ptr_id" bigint NOT NULL PRIMARY KEY REFERENCES "financeiro_fluxoentrada" ("id") DEFERRABLE INITIALLY DEFERRED, "categoria_id" bigint NOT NULL REFERENCES "financeiro_categoriareceita" ("id") DEFERRABLE INITIALLY DEFERRED);
CREATE TABLE IF NOT EXISTS "financeiro_venda" ("fluxoentrada_ptr_id" bigint NOT NULL PRIMARY KEY REFERENCES "financeiro_fluxoentrada" ("id") DEFERRABLE INITIALLY DEFERRED, "peso_venda" decimal NULL, "animal_id" bigint NOT NULL UNIQUE REFERENCES "rebanho_animal" ("id") DEFERRABLE INITIALLY DEFERRED);
INSERT INTO financeiro_venda VALUES(1,433.199999999999988,185);
INSERT INTO financeiro_venda VALUES(2,433.199999999999988,121);
INSERT INTO financeiro_venda VALUES(3,433.199999999999988,138);
INSERT INTO financeiro_venda VALUES(4,433.199999999999988,120);
INSERT INTO financeiro_venda VALUES(5,433.199999999999988,208);
INSERT INTO financeiro_venda VALUES(6,433.199999999999988,213);
INSERT INTO financeiro_venda VALUES(7,433.199999999999988,276);
INSERT INTO financeiro_venda VALUES(8,433.199999999999988,178);
INSERT INTO financeiro_venda VALUES(9,433.199999999999988,217);
INSERT INTO financeiro_venda VALUES(10,433.199999999999988,205);
INSERT INTO financeiro_venda VALUES(11,433.199999999999988,214);
INSERT INTO financeiro_venda VALUES(12,433.199999999999988,193);
INSERT INTO financeiro_venda VALUES(13,433.199999999999988,131);
INSERT INTO financeiro_venda VALUES(14,433.199999999999988,132);
INSERT INTO financeiro_venda VALUES(15,433.199999999999988,222);
INSERT INTO financeiro_venda VALUES(16,433.199999999999988,39);
INSERT INTO financeiro_venda VALUES(17,433.199999999999988,224);
INSERT INTO financeiro_venda VALUES(18,433.199999999999988,92);
INSERT INTO financeiro_venda VALUES(19,433.199999999999988,95);
INSERT INTO financeiro_venda VALUES(20,433.199999999999988,104);
INSERT INTO financeiro_venda VALUES(21,433.199999999999988,275);
INSERT INTO financeiro_venda VALUES(22,433.199999999999988,73);
INSERT INTO financeiro_venda VALUES(23,433.199999999999988,273);
INSERT INTO financeiro_venda VALUES(24,433.199999999999988,274);
INSERT INTO financeiro_venda VALUES(25,433.199999999999988,272);
INSERT INTO financeiro_venda VALUES(26,200,287);
INSERT INTO financeiro_venda VALUES(27,200,288);
INSERT INTO financeiro_venda VALUES(28,200,289);
INSERT INTO financeiro_venda VALUES(29,200,290);
INSERT INTO financeiro_venda VALUES(30,200,291);
INSERT INTO financeiro_venda VALUES(31,200,292);
INSERT INTO financeiro_venda VALUES(32,200,293);
INSERT INTO financeiro_venda VALUES(33,200,294);
INSERT INTO financeiro_venda VALUES(34,200,295);
INSERT INTO financeiro_venda VALUES(35,200,296);
INSERT INTO financeiro_venda VALUES(36,200,297);
INSERT INTO financeiro_venda VALUES(37,200,298);
INSERT INTO financeiro_venda VALUES(38,200,299);
INSERT INTO financeiro_venda VALUES(39,200,300);
INSERT INTO financeiro_venda VALUES(40,200,301);
INSERT INTO financeiro_venda VALUES(41,200,302);
INSERT INTO financeiro_venda VALUES(42,200,303);
INSERT INTO financeiro_venda VALUES(43,200,304);
INSERT INTO financeiro_venda VALUES(44,200,305);
INSERT INTO financeiro_venda VALUES(45,200,306);
INSERT INTO financeiro_venda VALUES(46,200,307);
INSERT INTO financeiro_venda VALUES(47,200,308);
INSERT INTO financeiro_venda VALUES(48,200,309);
INSERT INTO financeiro_venda VALUES(49,200,310);
INSERT INTO financeiro_venda VALUES(50,200,311);
INSERT INTO financeiro_venda VALUES(51,200,312);
INSERT INTO financeiro_venda VALUES(52,200,313);
INSERT INTO financeiro_venda VALUES(53,200,314);
INSERT INTO financeiro_venda VALUES(54,200,315);
INSERT INTO financeiro_venda VALUES(55,200,316);
INSERT INTO financeiro_venda VALUES(56,200,317);
INSERT INTO financeiro_venda VALUES(57,200,318);
INSERT INTO financeiro_venda VALUES(58,200,319);
INSERT INTO financeiro_venda VALUES(59,200,320);
INSERT INTO financeiro_venda VALUES(60,200,321);
INSERT INTO financeiro_venda VALUES(61,200,322);
INSERT INTO financeiro_venda VALUES(62,200,323);
INSERT INTO financeiro_venda VALUES(63,200,324);
INSERT INTO financeiro_venda VALUES(64,200,325);
INSERT INTO financeiro_venda VALUES(65,200,326);
INSERT INTO financeiro_venda VALUES(66,200,327);
INSERT INTO financeiro_venda VALUES(67,200,328);
INSERT INTO financeiro_venda VALUES(68,200,329);
INSERT INTO financeiro_venda VALUES(69,200,330);
INSERT INTO financeiro_venda VALUES(70,200,331);
INSERT INTO financeiro_venda VALUES(71,200,332);
INSERT INTO financeiro_venda VALUES(72,200,333);
INSERT INTO financeiro_venda VALUES(73,200,334);
INSERT INTO financeiro_venda VALUES(74,200,335);
INSERT INTO financeiro_venda VALUES(75,200,336);
CREATE TABLE IF NOT EXISTS "financeiro_custoanimaldetalhe" ("id" integer NOT NULL PRIMARY KEY , "valor_alocado" decimal NOT NULL, "animal_id" bigint NOT NULL REFERENCES "rebanho_animal" ("id") DEFERRABLE INITIALLY DEFERRED, "registro_de_custo_id" bigint NOT NULL REFERENCES "financeiro_registrodecusto" ("fluxosaida_ptr_id") DEFERRABLE INITIALLY DEFERRED);
CREATE TABLE IF NOT EXISTS "manejo_pesagem" ("id" integer NOT NULL PRIMARY KEY , "data_pesagem" date NOT NULL, "peso_kg" decimal NOT NULL, "evento" varchar(50) NOT NULL, "animal_id" bigint NOT NULL REFERENCES "rebanho_animal" ("id") DEFERRABLE INITIALLY DEFERRED);
CREATE TABLE IF NOT EXISTS "manejo_reproducao" ("id" integer NOT NULL PRIMARY KEY , "data_cio" date NOT NULL, "escore" decimal NULL, "tipo" varchar(20) NOT NULL, "codigo_semen" varchar(50) NOT NULL, "data_dg" date NULL, "resultado" varchar(10) NOT NULL, "data_parto_prevista" date NULL, "bezerro_id" bigint NULL REFERENCES "rebanho_animal" ("id") DEFERRABLE INITIALLY DEFERRED, "matriz_id" bigint NOT NULL REFERENCES "rebanho_animal" ("id") DEFERRABLE INITIALLY DEFERRED, "touro_id" bigint NULL REFERENCES "rebanho_animal" ("id") DEFERRABLE INITIALLY DEFERRED);
INSERT INTO manejo_reproducao VALUES(1,'2025-11-27',NULL,'IATF','Tatico','2025-12-27','P','2026-10-08',NULL,190,NULL);
INSERT INTO manejo_reproducao VALUES(2,'2025-11-27',NULL,'IATF','Tatico','2025-12-27','V','2026-10-08',NULL,186,NULL);
INSERT INTO manejo_reproducao VALUES(3,'2025-11-27',NULL,'IATF','Tatico','2025-12-27','V','2026-10-08',NULL,211,NULL);
INSERT INTO manejo_reproducao VALUES(4,'2025-11-27',NULL,'IATF','Tatico','2025-12-27','P','2026-10-08',NULL,128,NULL);
INSERT INTO manejo_reproducao VALUES(5,'2025-11-27',NULL,'IATF','Tatico','2025-12-27','P','2026-10-08',NULL,135,NULL);
INSERT INTO manejo_reproducao VALUES(6,'2025-11-27',NULL,'IATF','Tatico','2025-12-27','V','2026-10-08',NULL,222,NULL);
INSERT INTO manejo_reproducao VALUES(7,'2025-11-27',NULL,'IATF','Tatico','2025-12-27','P','2026-10-08',NULL,40,NULL);
INSERT INTO manejo_reproducao VALUES(8,'2025-11-27',NULL,'IATF','Tatico','2025-12-27','V','2026-10-08',NULL,41,NULL);
INSERT INTO manejo_reproducao VALUES(9,'2025-11-27',NULL,'IATF','Tatico','2025-12-27','V','2026-10-08',NULL,223,NULL);
INSERT INTO manejo_reproducao VALUES(10,'2025-11-27',NULL,'IATF','Tatico','2025-12-27','P','2026-10-08',NULL,43,NULL);
INSERT INTO manejo_reproducao VALUES(11,'2025-11-27',NULL,'IATF','Tatico','2025-12-27','V','2026-10-08',NULL,44,NULL);
INSERT INTO manejo_reproducao VALUES(12,'2025-11-27',NULL,'IATF','Tatico','2025-12-27','V','2026-10-08',NULL,45,NULL);
INSERT INTO manejo_reproducao VALUES(13,'2025-11-27',NULL,'IATF','Tatico','2025-12-27','P','2026-10-08',NULL,47,NULL);
INSERT INTO manejo_reproducao VALUES(14,'2025-11-27',NULL,'IATF','Tatico','2025-12-27','P','2026-10-08',NULL,88,NULL);
INSERT INTO manejo_reproducao VALUES(15,'2025-11-27',NULL,'IATF','Tatico','2025-12-27','V','2026-10-08',NULL,224,NULL);
INSERT INTO manejo_reproducao VALUES(16,'2025-11-27',NULL,'IATF','Tatico','2025-12-27','V','2026-10-08',NULL,225,NULL);
INSERT INTO manejo_reproducao VALUES(17,'2025-11-27',NULL,'IATF','Tatico','2025-12-27','P','2026-10-08',NULL,53,NULL);
INSERT INTO manejo_reproducao VALUES(18,'2025-11-27',NULL,'IATF','Tatico','2025-12-27','V','2026-10-08',NULL,226,NULL);
INSERT INTO manejo_reproducao VALUES(19,'2025-11-27',NULL,'IATF','Tatico','2025-12-27','V','2026-10-08',NULL,59,NULL);
INSERT INTO manejo_reproducao VALUES(20,'2025-11-27',NULL,'IATF','Tatico','2025-12-27','P','2026-10-08',NULL,227,NULL);
INSERT INTO manejo_reproducao VALUES(21,'2025-11-27',NULL,'IATF','Tatico','2025-12-27','V','2026-10-08',NULL,228,NULL);
INSERT INTO manejo_reproducao VALUES(22,'2025-11-27',NULL,'IATF','Tatico','2025-12-27','V','2026-10-08',NULL,229,NULL);
INSERT INTO manejo_reproducao VALUES(23,'2025-11-27',NULL,'IATF','Tatico','2025-12-27','V','2026-10-08',NULL,64,NULL);
INSERT INTO manejo_reproducao VALUES(24,'2025-11-27',NULL,'IATF','Tatico','2025-12-27','V','2026-10-08',NULL,67,NULL);
INSERT INTO manejo_reproducao VALUES(25,'2025-11-27',NULL,'IATF','Tatico','2025-12-27','P','2026-10-08',NULL,230,NULL);
INSERT INTO manejo_reproducao VALUES(26,'2025-11-27',NULL,'IATF','Tatico','2025-12-27','V','2026-10-08',NULL,69,NULL);
INSERT INTO manejo_reproducao VALUES(27,'2025-11-27',NULL,'IATF','Tatico','2025-12-27','V','2026-10-08',NULL,111,NULL);
INSERT INTO manejo_reproducao VALUES(28,'2025-11-27',NULL,'IATF','Tatico','2025-12-27','V','2026-10-08',NULL,71,NULL);
INSERT INTO manejo_reproducao VALUES(29,'2025-11-27',NULL,'IATF','Tatico','2025-12-27','P','2026-10-08',NULL,231,NULL);
INSERT INTO manejo_reproducao VALUES(30,'2025-11-27',NULL,'IATF','Tatico','2025-12-27','P','2026-10-08',NULL,72,NULL);
INSERT INTO manejo_reproducao VALUES(31,'2025-11-27',NULL,'IATF','Tatico','2025-12-27','P','2026-10-08',NULL,74,NULL);
INSERT INTO manejo_reproducao VALUES(32,'2025-11-27',NULL,'IATF','Tatico','2025-12-27','P','2026-10-08',NULL,232,NULL);
INSERT INTO manejo_reproducao VALUES(33,'2025-11-27',NULL,'IATF','Tatico','2025-12-27','P','2026-10-08',NULL,118,NULL);
INSERT INTO manejo_reproducao VALUES(34,'2025-11-27',NULL,'IATF','Tatico','2025-12-27','V','2026-10-08',NULL,233,NULL);
INSERT INTO manejo_reproducao VALUES(35,'2025-11-27',NULL,'IATF','Tatico','2025-12-27','P','2026-10-08',NULL,234,NULL);
INSERT INTO manejo_reproducao VALUES(36,'2025-11-27',NULL,'IATF','Tatico','2025-12-27','V','2026-10-08',NULL,235,NULL);
INSERT INTO manejo_reproducao VALUES(37,'2025-11-27',NULL,'IATF','Tatico','2025-12-27','V','2026-10-08',NULL,236,NULL);
INSERT INTO manejo_reproducao VALUES(38,'2025-11-27',NULL,'IATF','Tatico','2025-12-27','P','2026-10-08',NULL,237,NULL);
INSERT INTO manejo_reproducao VALUES(39,'2025-11-27',NULL,'IATF','Tatico','2025-12-27','V','2026-10-08',NULL,238,NULL);
INSERT INTO manejo_reproducao VALUES(40,'2025-11-27',NULL,'IATF','Tatico','2025-12-27','V','2026-10-08',NULL,239,NULL);
INSERT INTO manejo_reproducao VALUES(41,'2025-11-27',NULL,'IATF','Tatico','2025-12-27','P','2026-10-08',NULL,240,NULL);
INSERT INTO manejo_reproducao VALUES(42,'2025-11-27',NULL,'IATF','Tatico','2025-12-27','P','2026-10-08',NULL,241,NULL);
INSERT INTO manejo_reproducao VALUES(43,'2025-11-27',NULL,'IATF','Tatico','2025-12-27','P','2026-10-08',NULL,242,NULL);
INSERT INTO manejo_reproducao VALUES(44,'2025-11-27',NULL,'IATF','Tatico','2025-12-27','V','2026-10-08',NULL,243,NULL);
INSERT INTO manejo_reproducao VALUES(45,'2025-11-27',NULL,'IATF','Tatico','2025-12-27','P','2026-10-08',NULL,244,NULL);
INSERT INTO manejo_reproducao VALUES(46,'2025-11-27',NULL,'IATF','Tatico','2025-12-27','P','2026-10-08',NULL,245,NULL);
INSERT INTO manejo_reproducao VALUES(47,'2025-11-27',NULL,'IATF','Tatico','2025-12-27','V','2026-10-08',NULL,246,NULL);
INSERT INTO manejo_reproducao VALUES(48,'2025-11-27',NULL,'IATF','Tatico','2025-12-27','V','2026-10-08',NULL,247,NULL);
INSERT INTO manejo_reproducao VALUES(49,'2025-11-27',NULL,'IATF','Tatico','2025-12-27','P','2026-10-08',NULL,248,NULL);
INSERT INTO manejo_reproducao VALUES(50,'2025-11-27',NULL,'IATF','Tatico','2025-12-27','P','2026-10-08',NULL,249,NULL);
INSERT INTO manejo_reproducao VALUES(51,'2025-11-27',NULL,'IATF','Tatico','2025-12-27','P','2026-10-08',NULL,250,NULL);
INSERT INTO manejo_reproducao VALUES(52,'2025-11-27',NULL,'IATF','Tatico','2025-12-27','P','2026-10-08',NULL,251,NULL);
INSERT INTO manejo_reproducao VALUES(53,'2025-11-27',NULL,'IATF','Tatico','2025-12-27','P','2026-10-08',NULL,252,NULL);
INSERT INTO manejo_reproducao VALUES(54,'2025-11-27',NULL,'IATF','Tatico','2025-12-27','P','2026-10-08',NULL,253,NULL);
INSERT INTO manejo_reproducao VALUES(55,'2025-11-27',NULL,'IATF','Tatico','2025-12-27','P','2026-10-08',NULL,254,NULL);
INSERT INTO manejo_reproducao VALUES(56,'2025-11-27',NULL,'IATF','Tatico','2025-12-27','V','2026-10-08',NULL,255,NULL);
INSERT INTO manejo_reproducao VALUES(57,'2025-11-27',NULL,'IATF','Tatico','2025-12-27','V','2026-10-08',NULL,256,NULL);
INSERT INTO manejo_reproducao VALUES(58,'2025-11-27',NULL,'IATF','Tatico','2025-12-27','P','2026-10-08',NULL,257,NULL);
INSERT INTO manejo_reproducao VALUES(59,'2025-11-27',NULL,'IATF','Tatico','2025-12-27','P','2026-10-08',NULL,258,NULL);
INSERT INTO manejo_reproducao VALUES(60,'2025-11-27',NULL,'IATF','Tatico','2025-12-27','V','2026-10-08',NULL,259,NULL);
INSERT INTO manejo_reproducao VALUES(61,'2025-11-27',NULL,'IATF','Tatico','2025-12-27','P','2026-10-08',NULL,76,NULL);
INSERT INTO manejo_reproducao VALUES(62,'2025-11-27',NULL,'IATF','Tatico','2025-12-27','V','2026-10-08',NULL,77,NULL);
INSERT INTO manejo_reproducao VALUES(63,'2025-11-27',NULL,'IATF','Tatico','2025-12-27','P','2026-10-08',NULL,260,NULL);
INSERT INTO manejo_reproducao VALUES(64,'2026-01-07',NULL,'IATF','Tatico','2026-02-05','V','2026-11-17',NULL,172,NULL);
INSERT INTO manejo_reproducao VALUES(65,'2026-01-07',NULL,'IATF','Tatico','2026-02-05','V','2026-11-17',NULL,212,NULL);
INSERT INTO manejo_reproducao VALUES(66,'2026-01-07',NULL,'IATF','Tatico','2026-02-05','V','2026-11-17',NULL,107,NULL);
INSERT INTO manejo_reproducao VALUES(67,'2026-01-07',NULL,'IATF','Tatico','2026-02-05','P','2026-11-17',NULL,261,NULL);
INSERT INTO manejo_reproducao VALUES(68,'2026-01-07',NULL,'IATF','Tatico','2026-02-05','V','2026-11-17',NULL,37,NULL);
INSERT INTO manejo_reproducao VALUES(69,'2026-01-07',NULL,'IATF','Tatico','2026-02-05','V','2026-11-17',NULL,209,NULL);
INSERT INTO manejo_reproducao VALUES(70,'2026-01-07',NULL,'IATF','Tatico','2026-02-05','P','2026-11-17',NULL,170,NULL);
INSERT INTO manejo_reproducao VALUES(71,'2026-01-07',NULL,'IATF','Tatico','2026-02-05','V','2026-11-17',NULL,83,NULL);
INSERT INTO manejo_reproducao VALUES(72,'2026-01-07',NULL,'IATF','Tatico','2026-02-05','P','2026-11-17',NULL,142,NULL);
INSERT INTO manejo_reproducao VALUES(73,'2026-01-07',NULL,'IATF','Tatico','2026-02-05','P','2026-11-17',NULL,42,NULL);
INSERT INTO manejo_reproducao VALUES(74,'2026-01-07',NULL,'IATF','Tatico','2026-02-05','P','2026-11-17',NULL,139,NULL);
INSERT INTO manejo_reproducao VALUES(75,'2026-01-07',NULL,'IATF','Tatico','2026-02-05','P','2026-11-17',NULL,114,NULL);
INSERT INTO manejo_reproducao VALUES(76,'2026-01-07',NULL,'IATF','Tatico','2026-02-05','P','2026-11-17',NULL,101,NULL);
INSERT INTO manejo_reproducao VALUES(77,'2026-01-07',NULL,'IATF','Tatico','2026-02-05','V','2026-11-17',NULL,188,NULL);
INSERT INTO manejo_reproducao VALUES(78,'2026-01-07',NULL,'IATF','Tatico','2026-02-05','P','2026-11-17',NULL,103,NULL);
INSERT INTO manejo_reproducao VALUES(79,'2026-01-07',NULL,'IATF','Tatico','2026-02-05','P','2026-11-17',NULL,102,NULL);
INSERT INTO manejo_reproducao VALUES(80,'2026-01-07',NULL,'IATF','Tatico','2026-02-05','V','2026-11-17',NULL,119,NULL);
INSERT INTO manejo_reproducao VALUES(81,'2026-01-07',NULL,'IATF','Tatico','2026-02-05','P','2026-11-17',NULL,262,NULL);
INSERT INTO manejo_reproducao VALUES(82,'2026-01-07',NULL,'IATF','Tatico','2026-02-05','P','2026-11-17',NULL,85,NULL);
INSERT INTO manejo_reproducao VALUES(83,'2026-01-07',NULL,'IATF','Tatico','2026-02-05','V','2026-11-17',NULL,263,NULL);
INSERT INTO manejo_reproducao VALUES(84,'2026-01-07',NULL,'IATF','Tatico','2026-02-05','P','2026-11-17',NULL,115,NULL);
INSERT INTO manejo_reproducao VALUES(85,'2026-01-07',NULL,'IATF','Tatico','2026-02-05','P','2026-11-17',NULL,89,NULL);
INSERT INTO manejo_reproducao VALUES(86,'2026-01-07',NULL,'IATF','Tatico','2026-02-05','P','2026-11-17',NULL,106,NULL);
INSERT INTO manejo_reproducao VALUES(87,'2026-01-07',NULL,'IATF','Tatico','2026-02-05','V','2026-11-17',NULL,35,NULL);
INSERT INTO manejo_reproducao VALUES(88,'2026-01-07',NULL,'IATF','Tatico','2026-02-05','P','2026-11-17',NULL,84,NULL);
INSERT INTO manejo_reproducao VALUES(89,'2026-01-07',NULL,'IATF','Tatico','2026-02-05','P','2026-11-17',NULL,194,NULL);
INSERT INTO manejo_reproducao VALUES(90,'2026-01-07',NULL,'IATF','Tatico','2026-02-05','P','2026-11-17',NULL,215,NULL);
INSERT INTO manejo_reproducao VALUES(91,'2026-01-07',NULL,'IATF','Tatico','2026-02-05','P','2026-11-17',NULL,141,NULL);
INSERT INTO manejo_reproducao VALUES(92,'2026-01-07',NULL,'IATF','Tatico','2026-02-05','V','2026-11-17',NULL,187,NULL);
INSERT INTO manejo_reproducao VALUES(93,'2026-01-07',NULL,'IATF','Tatico','2026-02-05','V','2026-11-17',NULL,81,NULL);
INSERT INTO manejo_reproducao VALUES(94,'2026-01-07',NULL,'IATF','Tatico','2026-02-05','P','2026-11-17',NULL,133,NULL);
INSERT INTO manejo_reproducao VALUES(95,'2026-01-07',NULL,'IATF','Tatico','2026-02-05','V','2026-11-17',NULL,171,NULL);
INSERT INTO manejo_reproducao VALUES(96,'2026-01-07',NULL,'IATF','Tatico','2026-02-05','V','2026-11-17',NULL,116,NULL);
INSERT INTO manejo_reproducao VALUES(97,'2026-01-07',NULL,'IATF','Tatico','2026-02-05','V','2026-11-17',NULL,58,NULL);
INSERT INTO manejo_reproducao VALUES(98,'2026-01-07',NULL,'IATF','Tatico','2026-02-05','P','2026-11-17',NULL,176,NULL);
INSERT INTO manejo_reproducao VALUES(99,'2026-01-07',NULL,'IATF','Tatico','2026-02-05','V','2026-11-17',NULL,169,NULL);
INSERT INTO manejo_reproducao VALUES(100,'2026-01-07',NULL,'IATF','Tatico','2026-02-05','P','2026-11-17',NULL,183,NULL);
INSERT INTO manejo_reproducao VALUES(101,'2026-01-07',NULL,'IATF','Tatico','2026-02-05','P','2026-11-17',NULL,177,NULL);
INSERT INTO manejo_reproducao VALUES(102,'2026-01-07',NULL,'IATF','Tatico','2026-02-05','P','2026-11-17',NULL,79,NULL);
INSERT INTO manejo_reproducao VALUES(103,'2026-01-07',NULL,'IATF','Tatico','2026-02-05','V','2026-11-17',NULL,70,NULL);
INSERT INTO manejo_reproducao VALUES(104,'2026-01-07',NULL,'IATF','Tatico','2026-04-25','P','2027-02-04',NULL,49,NULL);
INSERT INTO manejo_reproducao VALUES(105,'2026-01-07',NULL,'IATF','Tatico','2026-02-05','V','2026-11-17',NULL,87,NULL);
INSERT INTO manejo_reproducao VALUES(106,'2026-01-07',NULL,'IATF','Tatico','2026-04-25','V','2027-02-04',NULL,98,NULL);
INSERT INTO manejo_reproducao VALUES(107,'2026-01-07',NULL,'IATF','Tatico','2026-02-05','P','2026-11-17',NULL,181,NULL);
INSERT INTO manejo_reproducao VALUES(108,'2026-01-07',NULL,'IATF','Tatico','2026-02-05','V','2026-11-17',NULL,94,NULL);
INSERT INTO manejo_reproducao VALUES(109,'2026-01-07',NULL,'IATF','Tatico','2026-02-05','P','2026-11-17',NULL,86,NULL);
INSERT INTO manejo_reproducao VALUES(110,'2026-01-07',NULL,'IATF','Tatico','2026-02-05','P','2026-11-17',NULL,99,NULL);
INSERT INTO manejo_reproducao VALUES(111,'2026-01-07',NULL,'IATF','Tatico','2026-02-05','V','2026-11-17',NULL,140,NULL);
INSERT INTO manejo_reproducao VALUES(112,'2026-01-07',NULL,'IATF','Tatico','2026-02-05','V','2026-11-17',NULL,203,NULL);
INSERT INTO manejo_reproducao VALUES(113,'2026-01-07',NULL,'IATF','Tatico','2026-02-05','V','2026-11-17',NULL,56,NULL);
INSERT INTO manejo_reproducao VALUES(114,'2026-01-07',NULL,'IATF','Tatico','2026-02-05','P','2026-11-17',NULL,55,NULL);
INSERT INTO manejo_reproducao VALUES(115,'2026-01-07',NULL,'IATF','Tatico','2026-02-05','P','2026-11-17',NULL,210,NULL);
INSERT INTO manejo_reproducao VALUES(116,'2026-01-07',NULL,'IATF','Tatico','2026-02-05','V','2026-11-17',NULL,219,NULL);
INSERT INTO manejo_reproducao VALUES(117,'2026-01-07',NULL,'IATF','Tatico','2026-02-05','P','2026-11-17',NULL,211,NULL);
INSERT INTO manejo_reproducao VALUES(118,'2026-01-07',NULL,'IATF','Tatico','2026-02-05','V','2026-11-17',NULL,196,NULL);
INSERT INTO manejo_reproducao VALUES(119,'2026-01-07',NULL,'IATF','Tatico','2026-02-05','P','2026-11-17',NULL,61,NULL);
INSERT INTO manejo_reproducao VALUES(120,'2026-01-07',NULL,'IATF','Tatico','2026-02-05','V','2026-11-17',NULL,41,NULL);
INSERT INTO manejo_reproducao VALUES(121,'2026-01-07',NULL,'IATF','Tatico','2026-02-05','P','2026-11-17',NULL,46,NULL);
INSERT INTO manejo_reproducao VALUES(122,'2026-01-07',NULL,'IATF','Tatico','2026-02-05','P','2026-11-17',NULL,67,NULL);
INSERT INTO manejo_reproducao VALUES(123,'2026-01-07',NULL,'IATF','Tatico','2026-02-05','V','2026-11-17',NULL,199,NULL);
INSERT INTO manejo_reproducao VALUES(124,'2026-01-07',NULL,'IATF','Tatico','2026-02-05','P','2026-11-17',NULL,264,NULL);
INSERT INTO manejo_reproducao VALUES(125,'2026-01-07',NULL,'IATF','Tatico','2026-02-05','V','2026-11-17',NULL,265,NULL);
INSERT INTO manejo_reproducao VALUES(126,'2026-01-07',NULL,'IATF','Tatico','2026-02-05','V','2026-11-17',NULL,233,NULL);
INSERT INTO manejo_reproducao VALUES(127,'2026-01-07',NULL,'IATF','Tatico','2026-02-05','V','2026-11-17',NULL,186,NULL);
INSERT INTO manejo_reproducao VALUES(128,'2026-01-07',NULL,'IATF','Tatico','2026-02-05','V','2026-11-17',NULL,48,NULL);
INSERT INTO manejo_reproducao VALUES(129,'2026-01-07',NULL,'IATF','Tatico','2026-02-05','V','2026-11-17',NULL,63,NULL);
INSERT INTO manejo_reproducao VALUES(130,'2026-01-07',NULL,'IATF','Tatico','2026-02-05','P','2026-11-17',NULL,191,NULL);
INSERT INTO manejo_reproducao VALUES(131,'2026-01-07',NULL,'IATF','Tatico','2026-02-05','V','2026-11-17',NULL,126,NULL);
INSERT INTO manejo_reproducao VALUES(132,'2026-01-07',NULL,'IATF','Tatico','2026-04-25','P','2027-02-04',NULL,189,NULL);
INSERT INTO manejo_reproducao VALUES(133,'2026-01-07',NULL,'IATF','Tatico','2026-02-05','P','2026-11-17',NULL,266,NULL);
INSERT INTO manejo_reproducao VALUES(134,'2026-01-07',NULL,'IATF','Tatico','2026-02-05','V','2026-11-17',NULL,130,NULL);
INSERT INTO manejo_reproducao VALUES(135,'2026-01-07',NULL,'IATF','Tatico','2026-02-05','V','2026-11-17',NULL,267,NULL);
INSERT INTO manejo_reproducao VALUES(136,'2026-01-07',NULL,'IATF','Tatico','2026-02-05','V','2026-11-17',NULL,247,NULL);
INSERT INTO manejo_reproducao VALUES(137,'2026-01-07',NULL,'IATF','Tatico','2026-02-05','P','2026-11-17',NULL,125,NULL);
INSERT INTO manejo_reproducao VALUES(138,'2026-01-07',NULL,'IATF','Tatico','2026-02-05','V','2026-11-17',NULL,204,NULL);
INSERT INTO manejo_reproducao VALUES(139,'2026-01-07',NULL,'IATF','Tatico','2026-02-05','P','2026-11-17',NULL,255,NULL);
INSERT INTO manejo_reproducao VALUES(140,'2026-01-07',NULL,'IATF','Tatico','2026-02-05','V','2026-11-17',NULL,239,NULL);
INSERT INTO manejo_reproducao VALUES(141,'2026-01-07',NULL,'IATF','Tatico','2026-02-05','V','2026-11-17',NULL,236,NULL);
INSERT INTO manejo_reproducao VALUES(142,'2026-01-07',NULL,'IATF','Tatico','2026-02-05','P','2026-11-17',NULL,59,NULL);
INSERT INTO manejo_reproducao VALUES(143,'2026-01-07',NULL,'IATF','Tatico','2026-02-05','P','2026-11-17',NULL,243,NULL);
INSERT INTO manejo_reproducao VALUES(144,'2026-01-07',NULL,'IATF','Tatico','2026-02-05','P','2026-11-17',NULL,69,NULL);
INSERT INTO manejo_reproducao VALUES(145,'2026-01-07',NULL,'IATF','Tatico','2026-02-05','P','2026-11-17',NULL,38,NULL);
INSERT INTO manejo_reproducao VALUES(146,'2026-01-07',NULL,'IATF','Tatico','2026-02-05','P','2026-11-17',NULL,51,NULL);
INSERT INTO manejo_reproducao VALUES(147,'2026-01-07',NULL,'IATF','Tatico','2026-04-25','V','2027-02-04',NULL,226,NULL);
INSERT INTO manejo_reproducao VALUES(148,'2026-01-07',NULL,'IATF','Tatico','2026-02-05','P','2026-11-17',NULL,45,NULL);
INSERT INTO manejo_reproducao VALUES(149,'2026-01-07',NULL,'IATF','Tatico','2026-02-05','V','2026-11-17',NULL,235,NULL);
INSERT INTO manejo_reproducao VALUES(150,'2026-01-07',NULL,'IATF','Tatico','2026-02-05','V','2026-11-17',NULL,198,NULL);
INSERT INTO manejo_reproducao VALUES(151,'2026-01-07',NULL,'IATF','Tatico','2026-04-25','P','2027-02-04',NULL,124,NULL);
INSERT INTO manejo_reproducao VALUES(152,'2026-01-07',NULL,'IATF','Tatico','2026-02-05','P','2026-11-17',NULL,225,NULL);
INSERT INTO manejo_reproducao VALUES(153,'2026-01-07',NULL,'IATF','Tatico','2026-02-05','P','2026-11-17',NULL,200,NULL);
INSERT INTO manejo_reproducao VALUES(154,'2026-01-07',NULL,'IATF','Tatico','2026-02-05','P','2026-11-17',NULL,173,NULL);
INSERT INTO manejo_reproducao VALUES(155,'2026-01-07',NULL,'IATF','Tatico','2026-02-05','P','2026-11-17',NULL,127,NULL);
INSERT INTO manejo_reproducao VALUES(156,'2026-01-07',NULL,'IATF','Tatico','2026-02-05','P','2026-11-17',NULL,134,NULL);
INSERT INTO manejo_reproducao VALUES(157,'2026-01-07',NULL,'IATF','Tatico','2026-02-05','V','2026-11-17',NULL,256,NULL);
INSERT INTO manejo_reproducao VALUES(158,'2026-01-07',NULL,'IATF','Tatico','2026-04-25','V','2027-02-04',NULL,202,NULL);
INSERT INTO manejo_reproducao VALUES(159,'2026-01-07',NULL,'IATF','Tatico','2026-02-05','P','2026-11-17',NULL,268,NULL);
INSERT INTO manejo_reproducao VALUES(160,'2026-01-07',NULL,'IATF','Tatico','2026-02-02','V','2026-11-14',NULL,269,NULL);
INSERT INTO manejo_reproducao VALUES(161,'2026-01-07',NULL,'IATF','Tatico','2026-02-05','V','2026-11-17',NULL,137,NULL);
INSERT INTO manejo_reproducao VALUES(162,'2026-01-07',NULL,'IATF','Tatico','2026-02-05','V','2026-11-17',NULL,192,NULL);
INSERT INTO manejo_reproducao VALUES(163,'2026-01-07',NULL,'IATF','Tatico','2026-04-25','V','2027-02-04',NULL,223,NULL);
INSERT INTO manejo_reproducao VALUES(164,'2026-01-07',NULL,'IATF','Tatico','2026-02-05','V','2026-11-17',NULL,62,NULL);
INSERT INTO manejo_reproducao VALUES(165,'2026-01-07',NULL,'IATF','Tatico','2026-02-05','V','2026-11-17',NULL,91,NULL);
INSERT INTO manejo_reproducao VALUES(166,'2026-01-07',NULL,'IATF','Tatico','2026-02-05','P','2026-11-17',NULL,111,NULL);
INSERT INTO manejo_reproducao VALUES(167,'2026-01-07',NULL,'IATF','Tatico','2026-02-05','P','2026-11-17',NULL,246,NULL);
INSERT INTO manejo_reproducao VALUES(168,'2026-01-07',NULL,'IATF','Tatico','2026-02-05','V','2026-11-17',NULL,71,NULL);
INSERT INTO manejo_reproducao VALUES(169,'2026-01-07',NULL,'IATF','Tatico','2026-02-05','P','2026-11-17',NULL,270,NULL);
INSERT INTO manejo_reproducao VALUES(170,'2026-01-07',NULL,'IATF','Tatico','2026-02-05','P','2026-11-17',NULL,229,NULL);
INSERT INTO manejo_reproducao VALUES(171,'2026-01-07',NULL,'IATF','Tatico','2026-02-05','V','2026-11-17',NULL,129,NULL);
INSERT INTO manejo_reproducao VALUES(172,'2026-01-07',NULL,'IATF','Tatico','2026-02-05','V','2026-11-17',NULL,238,NULL);
INSERT INTO manejo_reproducao VALUES(173,'2026-01-07',NULL,'IATF','Tatico','2026-02-05','P','2026-11-17',NULL,44,NULL);
INSERT INTO manejo_reproducao VALUES(174,'2026-01-07',NULL,'IATF','Tatico','2026-02-05','P','2026-11-17',NULL,259,NULL);
INSERT INTO manejo_reproducao VALUES(175,'2026-01-07',NULL,'IATF','Tatico','2026-02-05','V','2026-11-17',NULL,228,NULL);
INSERT INTO manejo_reproducao VALUES(176,'2026-01-07',NULL,'IATF','Tatico','2026-02-05','P','2026-11-17',NULL,64,NULL);
INSERT INTO manejo_reproducao VALUES(177,'2026-01-07',NULL,'IATF','Tatico','2026-02-05','V','2026-11-17',NULL,271,NULL);
INSERT INTO manejo_reproducao VALUES(178,'2026-01-07',NULL,'IATF','Tatico','2026-02-05','P','2026-11-17',NULL,220,NULL);
INSERT INTO manejo_reproducao VALUES(179,'2026-01-07',NULL,'IATF','Tatico','2026-02-05','V','2026-11-17',NULL,66,NULL);
INSERT INTO manejo_reproducao VALUES(180,'2026-02-16',NULL,'IATF','Tatico','2026-04-25','P','2027-02-04',NULL,219,NULL);
INSERT INTO manejo_reproducao VALUES(181,'2026-02-16',NULL,'IATF','Tatico','2026-04-25','V','2027-02-04',NULL,256,NULL);
INSERT INTO manejo_reproducao VALUES(182,'2026-02-16',NULL,'IATF','Tatico','2026-04-25','V','2027-02-04',NULL,130,NULL);
INSERT INTO manejo_reproducao VALUES(183,'2026-02-16',NULL,'IATF','Tatico','2026-04-25','V','2027-02-04',NULL,265,NULL);
INSERT INTO manejo_reproducao VALUES(184,'2026-02-16',NULL,'IATF','Tatico','2026-04-25','P','2027-02-04',NULL,198,NULL);
INSERT INTO manejo_reproducao VALUES(185,'2026-02-16',NULL,'IATF','Tatico','2026-04-25','P','2027-02-04',NULL,236,NULL);
INSERT INTO manejo_reproducao VALUES(186,'2026-02-16',NULL,'IATF','Tatico','2026-04-25','V','2027-02-04',NULL,169,NULL);
INSERT INTO manejo_reproducao VALUES(187,'2026-02-16',NULL,'IATF','Tatico','2026-04-25','P','2027-02-04',NULL,188,NULL);
INSERT INTO manejo_reproducao VALUES(188,'2026-02-16',NULL,'IATF','Tatico','2026-04-25','P','2027-02-04',NULL,233,NULL);
INSERT INTO manejo_reproducao VALUES(189,'2026-02-16',NULL,'IATF','Tatico','2026-04-25','V','2027-02-04',NULL,209,NULL);
INSERT INTO manejo_reproducao VALUES(190,'2026-02-16',NULL,'IATF','Tatico','2026-04-25','P','2027-02-04',NULL,171,NULL);
INSERT INTO manejo_reproducao VALUES(191,'2026-02-16',NULL,'IATF','Tatico','2026-04-25','V','2027-02-04',NULL,87,NULL);
INSERT INTO manejo_reproducao VALUES(192,'2026-02-16',NULL,'IATF','Tatico','2026-04-25','P','2027-02-04',NULL,247,NULL);
INSERT INTO manejo_reproducao VALUES(193,'2026-02-16',NULL,'IATF','Tatico','2026-04-25','V','2027-02-04',NULL,107,NULL);
INSERT INTO manejo_reproducao VALUES(194,'2026-02-16',NULL,'IATF','Tatico','2026-04-25','V','2027-02-04',NULL,172,NULL);
INSERT INTO manejo_reproducao VALUES(195,'2026-02-16',NULL,'IATF','Tatico','2026-04-25','P','2027-02-04',NULL,186,NULL);
INSERT INTO manejo_reproducao VALUES(196,'2026-02-16',NULL,'IATF','Tatico','2026-04-25','P','2027-02-04',NULL,199,NULL);
INSERT INTO manejo_reproducao VALUES(197,'2026-02-16',NULL,'IATF','Diretor','2026-04-25','P','2027-02-04',NULL,235,NULL);
INSERT INTO manejo_reproducao VALUES(198,'2026-02-16',NULL,'IATF','Diretor','2026-04-25','P','2027-02-04',NULL,238,NULL);
INSERT INTO manejo_reproducao VALUES(199,'2026-02-16',NULL,'IATF','Diretor','2026-04-25','V','2027-02-04',NULL,196,NULL);
INSERT INTO manejo_reproducao VALUES(200,'2026-02-16',NULL,'IATF','Diretor','2026-04-25','V','2027-02-04',NULL,263,NULL);
INSERT INTO manejo_reproducao VALUES(201,'2026-02-16',NULL,'IATF','Diretor','2026-04-25','V','2027-02-04',NULL,140,NULL);
INSERT INTO manejo_reproducao VALUES(202,'2026-02-16',NULL,'IATF','Diretor','2026-04-25','V','2027-02-04',NULL,203,NULL);
INSERT INTO manejo_reproducao VALUES(203,'2026-02-16',NULL,'IATF','Diretor','2026-04-25','V','2027-02-04',NULL,66,NULL);
INSERT INTO manejo_reproducao VALUES(204,'2026-02-16',NULL,'IATF','Diretor','2026-04-25','P','2027-02-04',NULL,75,NULL);
INSERT INTO manejo_reproducao VALUES(205,'2026-02-16',NULL,'IATF','Diretor','2026-04-25','V','2027-02-04',NULL,212,NULL);
INSERT INTO manejo_reproducao VALUES(206,'2026-02-16',NULL,'IATF','Diretor','2026-04-25','V','2027-02-04',NULL,86,NULL);
INSERT INTO manejo_reproducao VALUES(207,'2026-02-16',NULL,'IATF','Diretor','2026-04-25','V','2027-02-04',NULL,35,NULL);
INSERT INTO manejo_reproducao VALUES(208,'2026-02-16',NULL,'IATF','Diretor','2026-04-25','V','2027-02-04',NULL,41,NULL);
INSERT INTO manejo_reproducao VALUES(209,'2026-02-16',NULL,'IATF','Diretor','2026-04-25','P','2027-02-04',NULL,48,NULL);
INSERT INTO manejo_reproducao VALUES(210,'2026-02-16',NULL,'IATF','Diretor','2026-04-25','P','2027-02-04',NULL,65,NULL);
INSERT INTO manejo_reproducao VALUES(211,'2026-02-16',NULL,'IATF','Diretor','2026-04-25','P','2027-02-04',NULL,63,NULL);
INSERT INTO manejo_reproducao VALUES(212,'2026-02-16',NULL,'IATF','Diretor','2026-04-25','V','2027-02-04',NULL,62,NULL);
INSERT INTO manejo_reproducao VALUES(213,'2026-02-16',NULL,'IATF','Diretor','2026-04-25','V','2027-02-04',NULL,192,NULL);
INSERT INTO manejo_reproducao VALUES(214,'2026-02-16',NULL,'IATF','Diretor','2026-04-25','P','2027-02-04',NULL,56,NULL);
INSERT INTO manejo_reproducao VALUES(215,'2026-02-16',NULL,'IATF','Diretor','2026-04-25','V','2027-02-04',NULL,91,NULL);
INSERT INTO manejo_reproducao VALUES(216,'2026-02-16',NULL,'IATF','Diretor','2026-04-25','P','2027-02-04',NULL,36,NULL);
INSERT INTO manejo_reproducao VALUES(217,'2026-02-16',NULL,'IATF','Diretor','2026-04-25','V','2027-02-04',NULL,129,NULL);
INSERT INTO manejo_reproducao VALUES(218,'2026-02-16',NULL,'IATF','Diretor','2026-04-25','P','2027-02-04',NULL,126,NULL);
INSERT INTO manejo_reproducao VALUES(219,'2026-02-16',NULL,'IATF','Diretor','2026-04-25','V','2027-02-04',NULL,137,NULL);
INSERT INTO manejo_reproducao VALUES(220,'2026-02-16',NULL,'IATF','Diretor','2026-04-25','P','2027-02-04',NULL,71,NULL);
INSERT INTO manejo_reproducao VALUES(221,'2026-02-16',NULL,'IATF','Diretor','2026-04-25','V','2027-02-04',NULL,81,NULL);
INSERT INTO manejo_reproducao VALUES(222,'2026-02-16',NULL,'IATF','Diretor','2026-04-25','V','2027-02-04',NULL,187,NULL);
INSERT INTO manejo_reproducao VALUES(223,'2026-02-16',NULL,'IATF','Diretor','2026-04-25','V','2027-02-04',NULL,239,NULL);
INSERT INTO manejo_reproducao VALUES(224,'2026-02-16',NULL,'IATF','Diretor','2026-04-25','P','2027-02-04',NULL,271,NULL);
INSERT INTO manejo_reproducao VALUES(225,'2026-02-16',NULL,'IATF','Diretor','2026-04-25','V','2027-02-04',NULL,70,NULL);
INSERT INTO manejo_reproducao VALUES(226,'2026-02-16',NULL,'IATF','Diretor','2026-04-25','P','2027-02-04',NULL,94,NULL);
INSERT INTO manejo_reproducao VALUES(227,'2026-02-16',NULL,'IATF','Diretor','2026-04-25','V','2027-02-04',NULL,267,NULL);
INSERT INTO manejo_reproducao VALUES(228,'2026-02-16',NULL,'IATF','Diretor','2026-04-25','V','2027-02-04',NULL,116,NULL);
INSERT INTO manejo_reproducao VALUES(229,'2026-02-16',NULL,'IATF','Diretor','2026-04-25','P','2027-02-04',NULL,83,NULL);
INSERT INTO manejo_reproducao VALUES(230,'2026-02-16',NULL,'IATF','Tatico','2026-04-25','P','2027-02-04',NULL,269,NULL);
INSERT INTO manejo_reproducao VALUES(231,'2026-04-25',NULL,'IATF','Diretor','2026-04-25','V','2027-02-04',NULL,117,NULL);
INSERT INTO manejo_reproducao VALUES(232,'2026-04-25',NULL,'IATF','','2026-04-25','V','2027-02-04',NULL,206,NULL);
INSERT INTO manejo_reproducao VALUES(233,'2026-01-01',NULL,'IATF','','2026-04-25','P','2027-02-04',NULL,93,278);
INSERT INTO manejo_reproducao VALUES(234,'2026-01-01',NULL,'IATF','','2026-04-25','P','2027-02-04',NULL,110,278);
INSERT INTO manejo_reproducao VALUES(235,'2026-04-25',NULL,'IATF','','2026-04-25','V','2027-02-04',NULL,277,278);
INSERT INTO manejo_reproducao VALUES(236,'2025-12-01',NULL,'IATF','','2026-04-25','P','2027-02-04',NULL,82,NULL);
INSERT INTO manejo_reproducao VALUES(237,'2026-02-01',NULL,'IATF','','2026-04-25','P','2027-02-04',NULL,96,278);
INSERT INTO manejo_reproducao VALUES(238,'2026-01-01',NULL,'IATF','','2026-04-25','P','2027-02-04',NULL,184,278);
INSERT INTO manejo_reproducao VALUES(239,'2026-01-01',NULL,'IATF','','2026-04-25','P','2027-02-04',NULL,174,278);
INSERT INTO manejo_reproducao VALUES(240,'2026-03-01',NULL,'IATF','','2026-04-25','P','2027-02-04',NULL,54,278);
INSERT INTO manejo_reproducao VALUES(241,'2026-04-25',NULL,'IATF','','2026-04-25','V','2027-02-04',NULL,201,278);
INSERT INTO manejo_reproducao VALUES(242,'2026-04-25',NULL,'IATF','','2026-04-25','V','2027-02-04',NULL,279,278);
INSERT INTO manejo_reproducao VALUES(243,'2026-01-01',NULL,'IATF','','2026-04-25','P','2027-02-04',NULL,182,278);
INSERT INTO manejo_reproducao VALUES(244,'2026-01-01',NULL,'IATF','','2026-04-25','P','2027-02-04',NULL,280,278);
INSERT INTO manejo_reproducao VALUES(245,'2026-04-25',NULL,'IATF','','2026-04-25','V','2027-02-04',NULL,52,278);
INSERT INTO manejo_reproducao VALUES(246,'2026-04-25',NULL,'IATF','','2026-04-25','V','2027-02-04',NULL,112,278);
INSERT INTO manejo_reproducao VALUES(247,'2026-04-25',NULL,'IATF','','2026-04-25','V','2027-02-04',NULL,113,278);
INSERT INTO manejo_reproducao VALUES(248,'2026-02-01',NULL,'IATF','','2026-04-25','P','2027-02-04',NULL,216,278);
INSERT INTO manejo_reproducao VALUES(249,'2026-02-01',NULL,'IATF','','2026-04-25','P','2027-02-04',NULL,60,278);
INSERT INTO manejo_reproducao VALUES(250,'2026-04-25',NULL,'IATF','','2026-04-25','V','2027-02-04',NULL,97,278);
INSERT INTO manejo_reproducao VALUES(251,'2026-04-25',NULL,'IATF','','2026-04-25','V','2027-02-04',NULL,105,278);
INSERT INTO manejo_reproducao VALUES(252,'2026-04-25',NULL,'IATF','','2026-04-25','V','2027-02-04',NULL,281,278);
INSERT INTO manejo_reproducao VALUES(253,'2026-04-25',NULL,'IATF','','2026-04-25','V','2027-02-04',NULL,50,278);
INSERT INTO manejo_reproducao VALUES(254,'2026-04-25',NULL,'IATF','','2026-04-25','V','2027-02-04',NULL,58,278);
INSERT INTO manejo_reproducao VALUES(255,'2026-04-25',NULL,'IATF','','2026-04-25','V','2027-02-04',NULL,109,278);
INSERT INTO manejo_reproducao VALUES(256,'2026-04-25',NULL,'IATF','','2026-04-25','V','2027-02-04',NULL,282,278);
INSERT INTO manejo_reproducao VALUES(257,'2026-01-01',NULL,'IATF','','2026-04-25','P','2027-02-04',NULL,136,278);
INSERT INTO manejo_reproducao VALUES(258,'2026-04-25',NULL,'IATF','','2026-04-25','V','2027-02-04',NULL,179,278);
INSERT INTO manejo_reproducao VALUES(259,'2026-04-25',NULL,'IATF','','2026-04-25','V','2027-02-04',NULL,68,278);
INSERT INTO manejo_reproducao VALUES(260,'2026-04-25',NULL,'IATF','','2026-04-25','V','2027-02-04',NULL,2,278);
INSERT INTO manejo_reproducao VALUES(261,'2026-04-25',NULL,'IATF','','2026-04-25','V','2027-02-04',NULL,283,278);
INSERT INTO manejo_reproducao VALUES(262,'2026-01-01',NULL,'IATF','','2026-04-25','P','2027-02-04',NULL,221,278);
INSERT INTO manejo_reproducao VALUES(263,'2026-04-25',NULL,'IATF','','2026-04-25','V','2027-02-04',NULL,207,278);
INSERT INTO manejo_reproducao VALUES(264,'2026-02-01',NULL,'IATF','','2026-04-25','P','2027-02-04',NULL,57,278);
INSERT INTO manejo_reproducao VALUES(265,'2026-04-25',NULL,'IATF','','2026-04-25','V','2027-02-04',NULL,78,278);
INSERT INTO manejo_reproducao VALUES(266,'2026-04-25',NULL,'IATF','','2026-04-25','V','2027-02-04',NULL,284,278);
INSERT INTO manejo_reproducao VALUES(267,'2026-04-25',NULL,'IATF','','2026-04-25','V','2027-02-04',NULL,80,278);
INSERT INTO manejo_reproducao VALUES(268,'2026-02-01',NULL,'IATF','','2026-04-25','P','2027-02-04',NULL,197,278);
INSERT INTO manejo_reproducao VALUES(269,'2026-04-25',NULL,'IATF','','2026-04-25','V','2027-02-04',NULL,122,278);
INSERT INTO manejo_reproducao VALUES(270,'2026-04-25',NULL,'IATF','','2026-04-25','V','2027-02-04',NULL,100,278);
INSERT INTO manejo_reproducao VALUES(271,'2026-01-01',NULL,'IATF','','2026-04-25','P','2027-02-04',NULL,285,278);
INSERT INTO manejo_reproducao VALUES(272,'2026-03-01',NULL,'IATF','','2026-04-25','P','2027-02-04',NULL,286,278);
INSERT INTO manejo_reproducao VALUES(273,'2025-12-01',NULL,'IATF','','2026-04-25','P','2027-02-04',NULL,77,278);
INSERT INTO manejo_reproducao VALUES(274,'2026-04-25',NULL,'IATF','','2026-04-25','V','2027-02-04',NULL,108,278);
CREATE TABLE IF NOT EXISTS "manejo_tarefamanejo" ("id" integer NOT NULL PRIMARY KEY , "titulo" varchar(200) NOT NULL, "data_prevista" date NOT NULL, "tipo" varchar(2) NOT NULL, "descricao" text NULL, "concluida" bool NOT NULL, "animal_id" bigint NULL REFERENCES "rebanho_animal" ("id") DEFERRABLE INITIALLY DEFERRED, "pasto_id" bigint NULL REFERENCES "infraestrutura_pasto" ("id") DEFERRABLE INITIALLY DEFERRED);
CREATE TABLE IF NOT EXISTS "manejo_tratamentosaude" ("id" integer NOT NULL PRIMARY KEY , "data_tratamento" date NOT NULL, "tipo_tratamento" varchar(4) NOT NULL, "produto" varchar(100) NOT NULL, "dose" varchar(50) NOT NULL, "descricao" text NOT NULL, "data_proximo_tratamento" date NULL, "animal_id" bigint NOT NULL REFERENCES "rebanho_animal" ("id") DEFERRABLE INITIALLY DEFERRED);
DELETE FROM sqlite_sequence;
INSERT INTO sqlite_sequence VALUES('django_migrations',23);
INSERT INTO sqlite_sequence VALUES('django_admin_log',768);
INSERT INTO sqlite_sequence VALUES('django_content_type',25);
INSERT INTO sqlite_sequence VALUES('auth_permission',100);
INSERT INTO sqlite_sequence VALUES('auth_group',0);
INSERT INTO sqlite_sequence VALUES('auth_user',1);
INSERT INTO sqlite_sequence VALUES('infraestrutura_movimentacaopasto',0);
INSERT INTO sqlite_sequence VALUES('rebanho_animal',356);
INSERT INTO sqlite_sequence VALUES('infraestrutura_pasto',6);
INSERT INTO sqlite_sequence VALUES('rebanho_lote',5);
INSERT INTO sqlite_sequence VALUES('rebanho_baixaanimal',2);
INSERT INTO sqlite_sequence VALUES('manejo_reproducao',274);
INSERT INTO sqlite_sequence VALUES('financeiro_categoriadespesa',12);
INSERT INTO sqlite_sequence VALUES('financeiro_fluxosaida',66);
INSERT INTO sqlite_sequence VALUES('financeiro_tipocusto',10);
INSERT INTO sqlite_sequence VALUES('financeiro_fluxoentrada',75);
CREATE UNIQUE INDEX "auth_group_permissions_group_id_permission_id_0cd325b0_uniq" ON "auth_group_permissions" ("group_id", "permission_id");
CREATE INDEX "auth_group_permissions_group_id_b120cbf9" ON "auth_group_permissions" ("group_id");
CREATE INDEX "auth_group_permissions_permission_id_84c5c92e" ON "auth_group_permissions" ("permission_id");
CREATE UNIQUE INDEX "auth_user_groups_user_id_group_id_94350c0c_uniq" ON "auth_user_groups" ("user_id", "group_id");
CREATE INDEX "auth_user_groups_user_id_6a12ed8b" ON "auth_user_groups" ("user_id");
CREATE INDEX "auth_user_groups_group_id_97559544" ON "auth_user_groups" ("group_id");
CREATE UNIQUE INDEX "auth_user_user_permissions_user_id_permission_id_14a6b632_uniq" ON "auth_user_user_permissions" ("user_id", "permission_id");
CREATE INDEX "auth_user_user_permissions_user_id_a95ead1b" ON "auth_user_user_permissions" ("user_id");
CREATE INDEX "auth_user_user_permissions_permission_id_1fbb5f2c" ON "auth_user_user_permissions" ("permission_id");
CREATE INDEX "django_admin_log_content_type_id_c4bce8eb" ON "django_admin_log" ("content_type_id");
CREATE INDEX "django_admin_log_user_id_c564eba6" ON "django_admin_log" ("user_id");
CREATE UNIQUE INDEX "django_content_type_app_label_model_76bd3d3b_uniq" ON "django_content_type" ("app_label", "model");
CREATE UNIQUE INDEX "auth_permission_content_type_id_codename_01ab375a_uniq" ON "auth_permission" ("content_type_id", "codename");
CREATE INDEX "auth_permission_content_type_id_2f476e4b" ON "auth_permission" ("content_type_id");
CREATE INDEX "rebanho_animal_mae_id_65c344da" ON "rebanho_animal" ("mae_id");
CREATE INDEX "rebanho_animal_pai_id_b9b8faa0" ON "rebanho_animal" ("pai_id");
CREATE INDEX "rebanho_animal_pasto_atual_id_7358ce0d" ON "rebanho_animal" ("pasto_atual_id");
CREATE INDEX "rebanho_lote_pasto_atual_id_913f086c" ON "rebanho_lote" ("pasto_atual_id");
CREATE INDEX "rebanho_animal_lote_atual_id_da23d9e9" ON "rebanho_animal" ("lote_atual_id");
CREATE INDEX "infraestrutura_movimentacaopasto_animal_id_c7db100e" ON "infraestrutura_movimentacaopasto" ("animal_id");
CREATE INDEX "infraestrutura_movimentacaopasto_pasto_destino_id_237f7b6b" ON "infraestrutura_movimentacaopasto" ("pasto_destino_id");
CREATE INDEX "infraestrutura_movimentacaopasto_pasto_origem_id_58c8f4d1" ON "infraestrutura_movimentacaopasto" ("pasto_origem_id");
CREATE INDEX "django_session_expire_date_a5c62663" ON "django_session" ("expire_date");
CREATE INDEX "financeiro_registrodecusto_animal_id_1dd2cad0" ON "financeiro_registrodecusto" ("animal_id");
CREATE INDEX "financeiro_registrodecusto_pasto_id_728ff4dd" ON "financeiro_registrodecusto" ("pasto_id");
CREATE INDEX "financeiro_registrodecusto_tipo_custo_id_2abcd358" ON "financeiro_registrodecusto" ("tipo_custo_id");
CREATE INDEX "financeiro_despesa_categoria_id_0ba77e9c" ON "financeiro_despesa" ("categoria_id");
CREATE INDEX "financeiro_receitageral_categoria_id_70309442" ON "financeiro_receitageral" ("categoria_id");
CREATE UNIQUE INDEX "financeiro_custoanimaldetalhe_registro_de_custo_id_animal_id_c16b0202_uniq" ON "financeiro_custoanimaldetalhe" ("registro_de_custo_id", "animal_id");
CREATE INDEX "financeiro_custoanimaldetalhe_animal_id_3b623577" ON "financeiro_custoanimaldetalhe" ("animal_id");
CREATE INDEX "financeiro_custoanimaldetalhe_registro_de_custo_id_243c0ccf" ON "financeiro_custoanimaldetalhe" ("registro_de_custo_id");
CREATE INDEX "manejo_pesagem_animal_id_74cdcdf7" ON "manejo_pesagem" ("animal_id");
CREATE INDEX "manejo_reproducao_bezerro_id_25f770c1" ON "manejo_reproducao" ("bezerro_id");
CREATE INDEX "manejo_reproducao_matriz_id_c3fe00cb" ON "manejo_reproducao" ("matriz_id");
CREATE INDEX "manejo_reproducao_touro_id_f1056f75" ON "manejo_reproducao" ("touro_id");
CREATE INDEX "manejo_tarefamanejo_animal_id_9e520489" ON "manejo_tarefamanejo" ("animal_id");
CREATE INDEX "manejo_tarefamanejo_pasto_id_f953c904" ON "manejo_tarefamanejo" ("pasto_id");
CREATE INDEX "manejo_tratamentosaude_animal_id_7d34f517" ON "manejo_tratamentosaude" ("animal_id");
COMMIT;
